-- phpMyAdmin SQL Dump
-- version 5.2.3
-- https://www.phpmyadmin.net/
--
-- ホスト: db:3306
-- 生成日時: 2026 年 4 月 09 日 04:36
-- サーバのバージョン： 11.2.6-MariaDB-ubu2204
-- PHP のバージョン: 8.3.30

SET SQL_MODE = "NO_AUTO_VALUE_ON_ZERO";
START TRANSACTION;
SET time_zone = "+00:00";


/*!40101 SET @OLD_CHARACTER_SET_CLIENT=@@CHARACTER_SET_CLIENT */;
/*!40101 SET @OLD_CHARACTER_SET_RESULTS=@@CHARACTER_SET_RESULTS */;
/*!40101 SET @OLD_COLLATION_CONNECTION=@@COLLATION_CONNECTION */;
/*!40101 SET NAMES utf8mb4 */;

--
-- データベース: `dragonfly`
--

-- --------------------------------------------------------

--
-- テーブルの構造 `bo_assignment_audit_logs`
--

CREATE TABLE `bo_assignment_audit_logs` (
  `id` bigint(20) UNSIGNED NOT NULL,
  `meeting_id` bigint(20) UNSIGNED NOT NULL,
  `actor_user_id` bigint(20) UNSIGNED DEFAULT NULL,
  `actor_owner_member_id` bigint(20) UNSIGNED DEFAULT NULL,
  `workspace_id` bigint(20) UNSIGNED DEFAULT NULL,
  `source` varchar(40) NOT NULL,
  `payload` longtext CHARACTER SET utf8mb4 COLLATE utf8mb4_bin NOT NULL CHECK (json_valid(`payload`)),
  `occurred_at` datetime NOT NULL,
  `created_at` timestamp NULL DEFAULT NULL,
  `updated_at` timestamp NULL DEFAULT NULL
) ENGINE=InnoDB DEFAULT CHARSET=utf8mb4 COLLATE=utf8mb4_unicode_ci;

--
-- テーブルのデータのダンプ `bo_assignment_audit_logs`
--

INSERT INTO `bo_assignment_audit_logs` (`id`, `meeting_id`, `actor_user_id`, `actor_owner_member_id`, `workspace_id`, `source`, `payload`, `occurred_at`, `created_at`, `updated_at`) VALUES
(1, 4, 1, 37, 1, 'connections_breakouts', '{\"rooms\":[{\"room_label\":\"BO1\",\"member_ids\":[52,26,2,14,19],\"notes\":null},{\"room_label\":\"BO2\",\"member_ids\":[52,26,2,14,19,55],\"notes\":null}]}', '2026-03-24 00:52:49', '2026-03-24 00:52:49', '2026-03-24 00:52:49'),
(2, 4, 1, 37, 1, 'connections_breakouts', '{\"rooms\":[{\"room_label\":\"BO1\",\"member_ids\":[52,26,2,14,19],\"notes\":\"\\u98ef\\u7530\\u3055\\u3093\\u306e\\u8a08\\u3089\\u3044\\u3067\\u79c1\\u306e\\u30d3\\u30b8\\u30cd\\u30b9\\u7d39\\u4ecb\\u3092\\u3055\\u305b\\u3066\\u3082\\u3089\\u3063\\u305f\"},{\"room_label\":\"BO2\",\"member_ids\":[52,26,2,14,19,55],\"notes\":null}]}', '2026-03-24 01:11:16', '2026-03-24 01:11:16', '2026-03-24 01:11:16'),
(3, 4, 1, 37, 1, 'connections_breakouts', '{\"rooms\":[{\"room_label\":\"BO1\",\"member_ids\":[52,26,2,14,19],\"notes\":\"\\u98ef\\u7530\\u3055\\u3093\\u306e\\u8a08\\u3089\\u3044\\u3067\\u79c1\\u306e\\u30d3\\u30b8\\u30cd\\u30b9\\u7d39\\u4ecb\\u3092\\u3055\\u305b\\u3066\\u3082\\u3089\\u3063\\u305f\"},{\"room_label\":\"BO2\",\"member_ids\":[52,26,2,14,19,55],\"notes\":\"\\u5c0f\\u91ce\\u5bfa\\u3055\\u3093\\u306e\\u7d39\\u4ecb\\n\\u795e\\u5948\\u5ddd\\u770c\\u306e\\u4e0d\\u52d5\\u7523\\u696d\\uff08\\u58f2\\u8cb7\\u30fb\\u8cc3\\u8cb8\\uff09\\n\\u98f2\\u98df\\u4ee5\\u5916\\u306e\\u5e97\\u8217\\n\\u4e00\\u90fd\\u4e09\\u770c\\u3001\\u95a2\\u897f\\n\\u30fb\\u672a\\u516c\\u958b\\u7269\\u4ef6\\n\\u30fb\\u5e97\\u8217\\u304cNG\\u7269\\u4ef6\\u306b\\u3082\\u5bfe\\u5fdc\\u53ef\\u80fd\\n\\u30fb\\u30d5\\u30e9\\u30f3\\u30c1\\u30e3\\u30a4\\u30ba\\u672c\\u90e8\\u3067\\u306e\\u62c5\\u5f53\\u5bfe\\u5fdc\\u304c\\u3067\\u304d\\u308b\"}]}', '2026-03-24 01:19:05', '2026-03-24 01:19:05', '2026-03-24 01:19:05'),
(4, 6, 1, 37, 1, 'connections_breakouts', '{\"rooms\":[{\"room_label\":\"BO1\",\"member_ids\":[32,42,30],\"notes\":null},{\"room_label\":\"BO2\",\"member_ids\":[32,42,30,66],\"notes\":null}]}', '2026-03-31 00:12:15', '2026-03-31 00:12:15', '2026-03-31 00:12:15'),
(5, 6, 1, 37, 1, 'connections_breakouts', '{\"rooms\":[{\"room_label\":\"BO1\",\"member_ids\":[32,42,30],\"notes\":\"\\u4f50\\u4e45\\u9593\\u3055\\u3093\\u306e\\u8a08\\u3089\\u3044\\u3067\\u81ea\\u5df1\\u7d39\\u4ecb\\u30d3\\u30b8\\u30cd\\u30b9\\u7d39\\u4ecb\\u3001\\u8cea\\u7591\\u5fdc\\u7b54\\n\\u4f50\\u4e45\\u9593\\u3055\\u3093\\u304b\\u3089\\u306f\\u5de5\\u7a0b\\u7ba1\\u7406\\u3060\\u3063\\u305f\\u308a\\u305d\\u3046\\u3044\\u3046\\u3053\\u3068\\u306b\\u3082\\u5bfe\\u5fdc\\u3067\\u304d\\u308b\\u306e\\u304b\\u3068\\u554f\\u3044\\u5408\\u308f\\u305b\\u304c\\u3042\\u3063\\u305f\"},{\"room_label\":\"BO2\",\"member_ids\":[32,42,30,66],\"notes\":null}]}', '2026-03-31 01:11:56', '2026-03-31 01:11:56', '2026-03-31 01:11:56'),
(6, 6, 1, 37, 1, 'connections_breakouts', '{\"rooms\":[{\"room_label\":\"BO1\",\"member_ids\":[32,42,30],\"notes\":\"\\u4f50\\u4e45\\u9593\\u3055\\u3093\\u306e\\u8a08\\u3089\\u3044\\u3067\\u81ea\\u5df1\\u7d39\\u4ecb\\u30d3\\u30b8\\u30cd\\u30b9\\u7d39\\u4ecb\\u3001\\u8cea\\u7591\\u5fdc\\u7b54\\n\\u4f50\\u4e45\\u9593\\u3055\\u3093\\u304b\\u3089\\u306f\\u5de5\\u7a0b\\u7ba1\\u7406\\u3060\\u3063\\u305f\\u308a\\u305d\\u3046\\u3044\\u3046\\u3053\\u3068\\u306b\\u3082\\u5bfe\\u5fdc\\u3067\\u304d\\u308b\\u306e\\u304b\\u3068\\u554f\\u3044\\u5408\\u308f\\u305b\\u304c\\u3042\\u3063\\u305f\"},{\"room_label\":\"BO2\",\"member_ids\":[32,42,30,66],\"notes\":\"\\u30d3\\u30b8\\u30bf\\u30fc\\u7c73\\u6fa4\\u3055\\u3093\\n\\nWeb\\u30c7\\u30b6\\u30a4\\u30f3\\u306e\\u8b1b\\u5e2b\\u7d4c\\u9a13\\u3042\\u308a\\u2028\\u30b5\\u30fc\\u30d3\\u30b9\\u696d\\u7cfb\\u306eLP\\u306a\\u3069\\u5f37\\u3044\\n\\n\\u30b3\\u30ed\\u30ca\\u3092\\u304d\\u3063\\u304b\\u3051\\u306b\\u30d1\\u30c6\\u30a3\\u30b7\\u30a83\\u5e74\\u3092\\u52d9\\u3081\\u3066Web\\u30c7\\u30b6\\u30a4\\u30ca\\u3068\\u3057\\u3066\\n\\u884c\\u52d5\\u5fc3\\u7406\\u304b\\u3089\\u30c7\\u30b6\\u30a4\\u30f3\\u3092\\u8ffd\\u6c42\"}]}', '2026-03-31 01:18:35', '2026-03-31 01:18:35', '2026-03-31 01:18:35'),
(7, 7, 1, 37, 1, 'connections_breakouts', '{\"rooms\":[{\"room_label\":\"BO1\",\"member_ids\":[12,71],\"notes\":\"\\u6fa4\\u91ce\\u3055\\u3093PR\\n\\n\\u30d5\\u30ea\\u30fc\\u30e9\\u30f3\\u30b9\\u3067\\u6d3b\\u52d5\\n\\u770c\\u5185\\u5916\\u3000\\u6771\\u4eac\\u3068\\u9759\\u5ca1\\u306e\\u5e83\\u544a\\u4ee3\\u7406\\u5e97\\u304b\\u3089\\u306e\\u4f9d\\u983c\\nWeb\\u4ee5\\u5916\\u5bfe\\u5fdc\\u53ef\\u80fd\\n\\u30b0\\u30e9\\u30d5\\u30a3\\u30c3\\u30af\\u30c7\\u30b6\\u30a4\\u30f3\\u5168\\u822c\\n\\u7d19\\u5a92\\u4f53\\u5c02\\u9580\\n\\u30d0\\u30ca\\u30fc\\u306a\\u3069\\u30d1\\u30fc\\u30c4\\u306f\\u5bfe\\u5fdc\\u53ef\\u80fd\"},{\"room_label\":\"BO2\",\"member_ids\":[12,55],\"notes\":\"\\u30a8\\u30b9\\u30c6\\u30c6\\u30a3\\u30b7\\u30e3\\u30f3\\u3068\\u3057\\u3066\\u3082\\u6d3b\\u52d5\\n\\u4eca\\u5f8c\\u306f\\u30a8\\u30b9\\u30c6\\u3067\\u958b\\u696d\\u3057\\u305f\\u3044\\n\\n\\u795e\\u5948\\u5ddd\\u5728\\u4f4f\\n\\u95a2\\u6771\\u570f\\u3067\\u958b\\u696d\\u4e88\\u5b9a\\n\\n\\u7e4b\\u304c\\u308a\\u305f\\u3044\\u696d\\u7a2e\\n\\u30ec\\u30f3\\u30bf\\u30eb\\u30b9\\u30da\\u30fc\\u30b9\\u4e8b\\u696d\\n\\u5b9f\\u5e97\\u8217\\u3092\\u6301\\u3063\\u305f\\u30aa\\u30fc\\u30ca\\u30fc\\u306e\\u30c1\\u30e9\\u30b7\\u3001\\u30d1\\u30f3\\u30d5\\u30ec\\u30c3\\u30c8\\u4f5c\\u6210\\u5bfe\\u5fdc\\u53ef\\u80fd\"}]}', '2026-04-07 01:16:39', '2026-04-07 01:16:39', '2026-04-07 01:16:39');

-- --------------------------------------------------------

--
-- テーブルの構造 `breakout_memos`
--

CREATE TABLE `breakout_memos` (
  `id` bigint(20) UNSIGNED NOT NULL,
  `meeting_id` bigint(20) UNSIGNED NOT NULL,
  `participant_id` bigint(20) UNSIGNED NOT NULL,
  `target_participant_id` bigint(20) UNSIGNED NOT NULL,
  `breakout_room_id` bigint(20) UNSIGNED DEFAULT NULL,
  `body` text DEFAULT NULL,
  `created_at` timestamp NULL DEFAULT NULL,
  `updated_at` timestamp NULL DEFAULT NULL
) ENGINE=InnoDB DEFAULT CHARSET=utf8mb4 COLLATE=utf8mb4_unicode_ci;

--
-- テーブルのデータのダンプ `breakout_memos`
--

INSERT INTO `breakout_memos` (`id`, `meeting_id`, `participant_id`, `target_participant_id`, `breakout_room_id`, `body`, `created_at`, `updated_at`) VALUES
(1, 1, 1, 2, NULL, '名刺交換済み。次回1to1提案。', '2026-03-03 00:34:37', '2026-03-03 00:34:37');

-- --------------------------------------------------------

--
-- テーブルの構造 `breakout_rooms`
--

CREATE TABLE `breakout_rooms` (
  `id` bigint(20) UNSIGNED NOT NULL,
  `meeting_id` bigint(20) UNSIGNED NOT NULL,
  `room_label` varchar(50) NOT NULL,
  `sort_order` tinyint(3) UNSIGNED DEFAULT NULL,
  `notes` text DEFAULT NULL,
  `created_at` timestamp NULL DEFAULT NULL,
  `updated_at` timestamp NULL DEFAULT NULL
) ENGINE=InnoDB DEFAULT CHARSET=utf8mb4 COLLATE=utf8mb4_unicode_ci;

--
-- テーブルのデータのダンプ `breakout_rooms`
--

INSERT INTO `breakout_rooms` (`id`, `meeting_id`, `room_label`, `sort_order`, `notes`, `created_at`, `updated_at`) VALUES
(6, 1, 'BO1', 1, NULL, '2026-03-05 14:01:27', '2026-03-05 14:01:27'),
(7, 1, 'BO2', 2, NULL, '2026-03-05 14:01:27', '2026-03-05 14:01:27'),
(18, 2, 'BO1', 1, NULL, '2026-03-10 22:41:28', '2026-03-10 22:41:28'),
(19, 2, 'BO2', 1, NULL, '2026-03-10 22:41:28', '2026-03-10 22:41:28'),
(20, 3, 'BO1', 1, NULL, '2026-03-17 00:29:27', '2026-03-17 00:29:27'),
(21, 3, 'BO2', 1, NULL, '2026-03-17 00:29:27', '2026-03-17 00:29:27'),
(22, 4, 'BO1', 1, '飯田さんの計らいで私のビジネス紹介をさせてもらった', '2026-03-24 00:52:49', '2026-03-24 01:11:16'),
(23, 4, 'BO2', 1, '小野寺さんの紹介\n神奈川県の不動産業（売買・賃貸）\n飲食以外の店舗\n一都三県、関西\n・未公開物件\n・店舗がNG物件にも対応可能\n・フランチャイズ本部での担当対応ができる', '2026-03-24 00:52:49', '2026-03-24 01:19:05'),
(24, 6, 'BO1', 1, '佐久間さんの計らいで自己紹介ビジネス紹介、質疑応答\n佐久間さんからは工程管理だったりそういうことにも対応できるのかと問い合わせがあった', '2026-03-31 00:12:15', '2026-03-31 01:11:56'),
(25, 6, 'BO2', 1, 'ビジター米澤さん\n\nWebデザインの講師経験あり サービス業系のLPなど強い\n\nコロナをきっかけにパティシエ3年を務めてWebデザイナとして\n行動心理からデザインを追求', '2026-03-31 00:12:15', '2026-03-31 01:18:35'),
(26, 7, 'BO1', 1, '澤野さんPR\n\nフリーランスで活動\n県内外　東京と静岡の広告代理店からの依頼\nWeb以外対応可能\nグラフィックデザイン全般\n紙媒体専門\nバナーなどパーツは対応可能', '2026-04-07 01:16:39', '2026-04-07 01:16:39'),
(27, 7, 'BO2', 1, 'エステティシャンとしても活動\n今後はエステで開業したい\n\n神奈川在住\n関東圏で開業予定\n\n繋がりたい業種\nレンタルスペース事業\n実店舗を持ったオーナーのチラシ、パンフレット作成対応可能', '2026-04-07 01:16:39', '2026-04-07 01:16:39');

-- --------------------------------------------------------

--
-- テーブルの構造 `cache`
--

CREATE TABLE `cache` (
  `key` varchar(255) NOT NULL,
  `value` mediumtext NOT NULL,
  `expiration` int(11) NOT NULL
) ENGINE=InnoDB DEFAULT CHARSET=utf8mb4 COLLATE=utf8mb4_unicode_ci;

-- --------------------------------------------------------

--
-- テーブルの構造 `cache_locks`
--

CREATE TABLE `cache_locks` (
  `key` varchar(255) NOT NULL,
  `owner` varchar(255) NOT NULL,
  `expiration` int(11) NOT NULL
) ENGINE=InnoDB DEFAULT CHARSET=utf8mb4 COLLATE=utf8mb4_unicode_ci;

-- --------------------------------------------------------

--
-- テーブルの構造 `categories`
--

CREATE TABLE `categories` (
  `id` bigint(20) UNSIGNED NOT NULL,
  `group_name` varchar(255) NOT NULL COMMENT '大カテゴリー',
  `name` varchar(255) NOT NULL COMMENT '実カテゴリー',
  `created_at` timestamp NULL DEFAULT NULL,
  `updated_at` timestamp NULL DEFAULT NULL
) ENGINE=InnoDB DEFAULT CHARSET=utf8mb4 COLLATE=utf8mb4_unicode_ci;

--
-- テーブルのデータのダンプ `categories`
--

INSERT INTO `categories` (`id`, `group_name`, `name`, `created_at`, `updated_at`) VALUES
(1, '建設・不動産', '建設・不動産', '2026-03-05 01:47:04', '2026-03-05 01:47:04'),
(2, '中小企業サポート', '中小企業サポート', '2026-03-05 01:47:04', '2026-03-05 01:47:04'),
(3, 'ライフサポート', 'ライフサポート', '2026-03-05 01:47:04', '2026-03-05 01:47:04'),
(4, '金融・保険・資金サポート', '金融・保険・資金サポート', '2026-03-05 01:47:04', '2026-03-05 01:47:04'),
(5, '士業・コンサル', '士業・コンサル', '2026-03-05 01:47:04', '2026-03-05 01:47:04'),
(6, 'ＩＴ', 'ＩＴ', '2026-03-05 01:47:04', '2026-03-05 01:47:04'),
(7, '食品・製造', '食品・製造', '2026-03-05 01:47:04', '2026-03-05 01:47:04'),
(8, 'ファッション・デザイン', 'ファッション・デザイン', '2026-03-05 01:47:04', '2026-03-05 01:47:04'),
(9, '美容・健康・生活', '美容・健康・生活', '2026-03-05 01:47:04', '2026-03-05 01:47:04'),
(10, '（リージョン）', '（リージョン）', '2026-03-05 01:47:04', '2026-03-05 01:47:04'),
(11, '塗装・防水', '塗装・防水', '2026-03-05 01:47:04', '2026-03-05 01:47:04'),
(12, 'SNS×地域イベント事業', 'SNS×地域イベント事業', '2026-03-05 01:47:04', '2026-03-05 01:47:04'),
(13, 'システムエンジニア', 'システムエンジニア', '2026-03-05 01:47:04', '2026-03-05 01:47:04'),
(14, 'BPO(事務代行)', 'BPO(事務代行)', '2026-03-05 01:47:04', '2026-03-05 01:47:04'),
(15, 'リゾート会員権販売', 'リゾート会員権販売', '2026-03-05 01:47:04', '2026-03-05 01:47:04'),
(16, '美容・健康専門マーケティング', '美容・健康専門マーケティング', '2026-03-05 01:47:04', '2026-03-05 01:47:04'),
(17, 'ライブ配信', 'ライブ配信', '2026-03-05 01:47:04', '2026-03-05 01:47:04'),
(18, '鉄コンドクター', '鉄コンドクター', '2026-03-05 01:47:04', '2026-03-05 01:47:04'),
(19, 'ビジュアルブランディング撮影', 'ビジュアルブランディング撮影', '2026-03-05 01:47:04', '2026-03-05 01:47:04'),
(20, 'SmokeTest', 'Phase16C-edited', '2026-03-05 08:13:50', '2026-03-05 08:14:06'),
(21, '建設・不動産', '大型物件対応解体工事', '2026-03-10 00:40:13', '2026-03-10 00:40:13'),
(22, '建設・不動産', '害虫ブロック', '2026-03-10 00:40:14', '2026-03-10 00:40:14'),
(23, '建設・不動産', '空き家不動産', '2026-03-10 00:40:14', '2026-03-10 00:40:14'),
(24, '建設・不動産', '断熱フィルム', '2026-03-10 00:40:14', '2026-03-10 00:40:14'),
(25, '建設・不動産', '小屋販売', '2026-03-10 00:40:14', '2026-03-10 00:40:14'),
(26, '建設・不動産', 'ファインバブル', '2026-03-10 00:40:14', '2026-03-10 00:40:14'),
(27, '建設・不動産', '足場部材', '2026-03-10 00:40:14', '2026-03-10 00:40:14'),
(28, '中小企業サポート', '海外物流', '2026-03-10 00:40:14', '2026-03-10 00:40:14'),
(29, '中小企業サポート', '出張手配旅行', '2026-03-10 00:40:14', '2026-03-10 00:40:14'),
(30, '中小企業サポート', '中国物販', '2026-03-10 00:40:14', '2026-03-10 00:40:14'),
(31, '中小企業サポート', 'プレゼン資料', '2026-03-10 00:40:14', '2026-03-10 00:40:14'),
(32, '中小企業サポート', 'SNS集客', '2026-03-10 00:40:14', '2026-03-10 00:40:14'),
(33, '中小企業サポート', '地域情報サイト', '2026-03-10 00:40:14', '2026-03-10 00:40:14'),
(34, '中小企業サポート', '技能実習生', '2026-03-10 00:40:14', '2026-03-10 00:40:14'),
(35, '中小企業サポート', 'オンライン講座', '2026-03-10 00:40:14', '2026-03-10 00:40:14'),
(36, '中小企業サポート', 'ブランディング映像', '2026-03-10 00:40:14', '2026-03-10 00:40:14'),
(37, '中小企業サポート', '建設採用コンサル', '2026-03-10 00:40:14', '2026-03-10 00:40:14'),
(38, 'ライフサポート', 'シングルマザー事業', '2026-03-10 00:40:14', '2026-03-10 00:40:14'),
(39, 'ライフサポート', '不用品回収', '2026-03-10 00:40:14', '2026-03-10 00:40:14'),
(40, 'ライフサポート', '結婚相談所', '2026-03-10 00:40:14', '2026-03-10 00:40:14'),
(41, 'ライフサポート', '着物買取', '2026-03-10 00:40:14', '2026-03-10 00:40:14'),
(42, 'ライフサポート', '福利厚生', '2026-03-10 00:40:14', '2026-03-10 00:40:14'),
(43, 'ライフサポート', '中古スマホ', '2026-03-10 00:40:14', '2026-03-10 00:40:14'),
(44, '金融・保険・資金サポート', '企業型DC', '2026-03-10 00:40:14', '2026-03-10 00:40:14'),
(45, '金融・保険・資金サポート', '建設損保', '2026-03-10 00:40:14', '2026-03-10 00:40:14'),
(46, '金融・保険・資金サポート', '生命保険', '2026-03-10 00:40:14', '2026-03-10 00:40:14'),
(47, '士業・コンサル', '脱炭素経営', '2026-03-10 00:40:14', '2026-03-10 00:40:14'),
(48, '士業・コンサル', '税理士', '2026-03-10 00:40:14', '2026-03-10 00:40:14'),
(49, '士業・コンサル', 'マーケティング', '2026-03-10 00:40:14', '2026-03-10 00:40:14'),
(50, '士業・コンサル', '行政書士', '2026-03-10 00:40:14', '2026-03-10 00:40:14'),
(51, '士業・コンサル', '社労士', '2026-03-10 00:40:14', '2026-03-10 00:40:14'),
(52, 'IT', 'Webマーケ', '2026-03-10 00:40:14', '2026-03-10 00:40:14'),
(53, 'IT', 'AIツール', '2026-03-10 00:40:14', '2026-03-10 00:40:14'),
(54, 'IT', 'WEB制作', '2026-03-10 00:40:14', '2026-03-10 00:40:14'),
(55, 'IT', 'LINE運用', '2026-03-10 00:40:14', '2026-03-10 00:40:14'),
(56, '食品・製造', '漆食器', '2026-03-10 00:40:14', '2026-03-10 00:40:14'),
(57, '食品・製造', 'パッケージ', '2026-03-10 00:40:14', '2026-03-10 00:40:14'),
(58, '食品・製造', '和スイーツOEM', '2026-03-10 00:40:14', '2026-03-10 00:40:14'),
(59, '食品・製造', '集客アプリ', '2026-03-10 00:40:14', '2026-03-10 00:40:14'),
(60, '食品・製造', '金属製品', '2026-03-10 00:40:14', '2026-03-10 00:40:14'),
(61, '食品・製造', '石材', '2026-03-10 00:40:14', '2026-03-10 00:40:14'),
(62, 'ファッション・デザイン', 'Tシャツ', '2026-03-10 00:40:14', '2026-03-10 00:40:14'),
(63, 'ファッション・デザイン', '革靴', '2026-03-10 00:40:14', '2026-03-10 00:40:14'),
(64, 'ファッション・デザイン', 'ネクタイ', '2026-03-10 00:40:14', '2026-03-10 00:40:14'),
(65, 'ファッション・デザイン', '播州織日傘', '2026-03-10 00:40:14', '2026-03-10 00:40:14'),
(66, '美容・健康・生活', 'ダイエット', '2026-03-10 00:40:14', '2026-03-10 00:40:14'),
(67, '美容・健康・生活', 'まつ毛美容液', '2026-03-10 00:40:14', '2026-03-10 00:40:14'),
(68, '美容・健康・生活', '眼の整体', '2026-03-10 00:40:14', '2026-03-10 00:40:14'),
(69, '美容・健康・生活', '開運占い', '2026-03-10 00:40:14', '2026-03-10 00:40:14'),
(70, '美容・健康・生活', 'スタイルアドバイザー', '2026-03-10 00:40:14', '2026-03-10 00:40:14'),
(71, 'BNI', 'ディレクター', '2026-03-10 00:40:14', '2026-03-10 00:40:14'),
(72, 'BNI', 'エリアディレクター', '2026-03-10 00:40:14', '2026-03-10 00:40:14'),
(73, 'BNI', 'エグゼクティブディレクター', '2026-03-10 00:40:14', '2026-03-10 00:40:14'),
(74, 'IT・Web', 'IT・Web', '2026-03-10 00:40:14', '2026-03-10 00:40:14'),
(75, 'NETIS申請', 'NETIS申請', '2026-03-10 00:40:14', '2026-03-10 00:40:14'),
(76, '生命保険', '生命保険', '2026-03-10 00:40:14', '2026-03-10 00:40:14'),
(77, '建設・不動産', '虫が建物に近寄らない害虫ブロック', '2026-03-16 23:42:37', '2026-03-16 23:42:37'),
(78, '建設・不動産', '空き家問題を解決する不動産屋', '2026-03-16 23:42:37', '2026-03-16 23:42:37'),
(79, '建設・不動産', 'エアロゲル透明断熱フィルム', '2026-03-16 23:42:37', '2026-03-16 23:42:37'),
(80, '建設・不動産', '自宅で開業にちょうどいい小屋', '2026-03-16 23:42:37', '2026-03-16 23:42:37'),
(81, '建設・不動産', 'ファインバブル（住宅設備機器）販売', '2026-03-16 23:42:37', '2026-03-16 23:42:37'),
(82, '建設・不動産', '足場部材販売', '2026-03-16 23:42:37', '2026-03-16 23:42:37'),
(83, '中小企業サポート', '日本企業からの海外専門安心物流', '2026-03-16 23:42:37', '2026-03-16 23:42:37'),
(84, '中小企業サポート', '出張手配専門旅行会社', '2026-03-16 23:42:37', '2026-03-16 23:42:37'),
(85, '中小企業サポート', '中国向け物販支援', '2026-03-16 23:42:37', '2026-03-16 23:42:37'),
(86, '中小企業サポート', '勝てるプレゼン資料作成', '2026-03-16 23:42:37', '2026-03-16 23:42:37'),
(87, '中小企業サポート', '外構工事特化型SNS集客', '2026-03-16 23:42:37', '2026-03-16 23:42:37'),
(88, '中小企業サポート', '地域情報サイト運営', '2026-03-16 23:42:37', '2026-03-16 23:42:37'),
(89, '中小企業サポート', '外国人技能実習生支援団体', '2026-03-16 23:42:37', '2026-03-16 23:42:37'),
(90, '中小企業サポート', '事業のオンライン展開サポート', '2026-03-16 23:42:37', '2026-03-16 23:42:37'),
(91, '中小企業サポート', 'ブランディング映像クリエイター', '2026-03-16 23:42:37', '2026-03-16 23:42:37'),
(92, '中小企業サポート', '建設業向け高校生新卒採用コンサル', '2026-03-16 23:42:37', '2026-03-16 23:42:37'),
(93, 'ライフサポート', 'シングルマザー専門事業コンシェルジュ', '2026-03-16 23:42:37', '2026-03-16 23:42:37'),
(94, 'ライフサポート', 'ごみ屋敷の片づけ＆不用品回収', '2026-03-16 23:42:37', '2026-03-16 23:42:37'),
(95, 'ライフサポート', '着物に強い出張買取', '2026-03-16 23:42:37', '2026-03-16 23:42:37'),
(96, 'ライフサポート', '家族も使える福利厚生', '2026-03-16 23:42:37', '2026-03-16 23:42:37'),
(97, 'ライフサポート', '中古スマホ買取販売', '2026-03-16 23:42:37', '2026-03-16 23:42:37'),
(98, '金融・保険・資金サポート', '企業型確定拠出年金導入サポート', '2026-03-16 23:42:37', '2026-03-16 23:42:37'),
(99, '金融・保険・資金サポート', '建設業特化型損害保険', '2026-03-16 23:42:37', '2026-03-16 23:42:37'),
(100, '金融・保険・資金サポート', 'アスリート専門生命保険', '2026-03-16 23:42:37', '2026-03-16 23:42:37'),
(101, '士業・コンサル', 'ゲームで学べる脱炭素経営', '2026-03-16 23:42:37', '2026-03-16 23:42:37'),
(102, '士業・コンサル', '建設業専門税理士事務所', '2026-03-16 23:42:37', '2026-03-16 23:42:37'),
(103, '士業・コンサル', 'ブランド戦略プランナー', '2026-03-16 23:42:37', '2026-03-16 23:42:37'),
(104, '士業・コンサル', '相続・遺言特化型行政書士', '2026-03-16 23:42:37', '2026-03-16 23:42:37'),
(105, '士業・コンサル', '社労士（スタートアップ企業）', '2026-03-16 23:42:37', '2026-03-16 23:42:37'),
(106, '士業・コンサル', '建設業専門行政書士', '2026-03-16 23:42:37', '2026-03-16 23:42:37'),
(107, 'ＩＴ', '売上を伸ばすWebマーケティング', '2026-03-16 23:42:37', '2026-03-16 23:42:37'),
(108, 'ＩＴ', '使って学ぶAIツールの情報発信', '2026-03-16 23:42:37', '2026-03-16 23:42:37'),
(109, 'ＩＴ', 'デザインに強いWEB制作', '2026-03-16 23:42:37', '2026-03-16 23:42:37'),
(110, 'ＩＴ', 'LINE公式アカウント運用代行', '2026-03-16 23:42:37', '2026-03-16 23:42:37'),
(111, '食品・製造', '抗菌効果の強い漆塗りの食器販売', '2026-03-16 23:42:37', '2026-03-16 23:42:37'),
(112, '食品・製造', '顧客ニーズを超えるパッケージ制作', '2026-03-16 23:42:37', '2026-03-16 23:42:37'),
(113, '食品・製造', '和スイーツのＯＥＭ製造', '2026-03-16 23:42:37', '2026-03-16 23:42:37'),
(114, '食品・製造', '飲食店向け集客アプリ', '2026-03-16 23:42:37', '2026-03-16 23:42:37'),
(115, '食品・製造', '砂で造る高機能金属製品', '2026-03-16 23:42:37', '2026-03-16 23:42:37'),
(116, '食品・製造', '高級石材の採掘・供給', '2026-03-16 23:42:37', '2026-03-16 23:42:37'),
(117, 'ファッション・デザイン', 'Tシャツプリント', '2026-03-16 23:42:37', '2026-03-16 23:42:37'),
(118, 'ファッション・デザイン', 'オーダーメイド革靴の製造販売', '2026-03-16 23:42:37', '2026-03-16 23:42:37'),
(119, 'ファッション・デザイン', '町工場の職人が作るネクタイ', '2026-03-16 23:42:37', '2026-03-16 23:42:37'),
(120, 'ファッション・デザイン', '播州織の日傘製造', '2026-03-16 23:42:37', '2026-03-16 23:42:37'),
(121, '美容・健康・生活', '身体と心を整えるダイエットコーチング', '2026-03-16 23:42:37', '2026-03-16 23:42:37'),
(122, '美容・健康・生活', '月1回で伸びるまつ毛美容液', '2026-03-16 23:42:37', '2026-03-16 23:42:37'),
(123, '美容・健康・生活', '眼の整体院', '2026-03-16 23:42:37', '2026-03-16 23:42:37'),
(124, '美容・健康・生活', '経営者向け開運占い師', '2026-03-16 23:42:37', '2026-03-16 23:42:37'),
(125, '美容・健康・生活', '30代からのスタイルアドバイザー', '2026-03-16 23:42:37', '2026-03-16 23:42:37'),
(126, 'BNI東京N.E.リージョン', 'ディレクターコンサルタント', '2026-03-16 23:42:37', '2026-03-16 23:42:37'),
(127, 'BNI東京N.E.リージョン', 'グロースエリアディレクター', '2026-03-16 23:42:37', '2026-03-16 23:42:37'),
(128, 'BNI東京N.E.リージョン', 'エグゼクティブディレクター', '2026-03-16 23:42:37', '2026-03-16 23:42:37'),
(129, 'toB向けビジネススクール', 'toB向けビジネススクール', '2026-03-16 23:42:37', '2026-03-16 23:42:37'),
(130, '健康支援サービス', '健康支援サービス', '2026-03-16 23:42:37', '2026-03-16 23:42:37'),
(131, 'ゲーム・ホビー・メディア専門買取', 'ゲーム・ホビー・メディア専門買取', '2026-03-16 23:42:37', '2026-03-16 23:42:37'),
(132, 'ニッチナンバーワンプロデューサー', 'ニッチナンバーワンプロデューサー', '2026-03-16 23:42:37', '2026-03-16 23:42:37'),
(133, '高齢者向けアプリ', '高齢者向けアプリ', '2026-03-16 23:42:37', '2026-03-16 23:42:37'),
(134, '不動産管理　民泊', '不動産管理　民泊', '2026-03-16 23:42:37', '2026-03-16 23:42:37'),
(135, '古物商', '古物商', '2026-03-16 23:42:37', '2026-03-16 23:42:37'),
(136, '金融・クルーズ事業', '金融・クルーズ事業', '2026-03-16 23:42:37', '2026-03-16 23:42:37'),
(137, 'ビューティービズサロン（コワーキングスペース＆レンタルサロン複合型施設FC本部）', 'ビューティービズサロン（コワーキングスペース＆レンタルサロン複合型施設FC本部）', '2026-03-16 23:42:37', '2026-03-16 23:42:37'),
(138, 'ビジネスカード', 'ビジネスカード', '2026-03-16 23:42:37', '2026-03-16 23:42:37'),
(139, '屋根工事業', '屋根工事業', '2026-03-16 23:42:37', '2026-03-16 23:42:37'),
(140, 'サステナビリティ×パーパス経営　研修', 'サステナビリティ×パーパス経営　研修', '2026-03-16 23:42:37', '2026-03-16 23:42:37'),
(141, '伐採・草刈り', '伐採・草刈り', '2026-03-16 23:42:37', '2026-03-16 23:42:37'),
(142, 'フェムケア', 'フェムケア', '2026-03-16 23:42:37', '2026-03-16 23:42:37'),
(143, '珈琲豆の「食べる資源化」クラウドファンディング', '珈琲豆の「食べる資源化」クラウドファンディング', '2026-03-16 23:42:37', '2026-03-16 23:42:37'),
(144, 'シングルマザー専門事業コンシェルジュ', 'シングルマザー専門事業コンシェルジュ', '2026-03-16 23:42:37', '2026-03-16 23:42:37'),
(145, 'エアロゲル透明断熱フィルム', 'エアロゲル透明断熱フィルム', '2026-03-16 23:42:37', '2026-03-16 23:42:37'),
(146, 'ファインバブル（住宅設備機器）販売', 'ファインバブル（住宅設備機器）販売', '2026-03-16 23:42:37', '2026-03-16 23:42:37'),
(147, '応用脳科学を使った企業研修講師', '応用脳科学を使った企業研修講師', '2026-03-16 23:42:37', '2026-03-16 23:42:37'),
(148, '着物監修家/再生・オーダーディレクター', '着物監修家/再生・オーダーディレクター', '2026-03-16 23:42:37', '2026-03-16 23:42:37'),
(149, 'ＩＴ', 'AI業務改善システム構築', '2026-03-23 12:34:34', '2026-03-23 12:34:34'),
(150, '不動産', '不動産', '2026-03-23 12:34:34', '2026-03-23 12:34:34'),
(151, '企業の販管費削減コンサルタント', '企業の販管費削減コンサルタント', '2026-03-23 12:34:34', '2026-03-23 12:34:34'),
(152, '町工場の職人が作るネクタイ', '町工場の職人が作るネクタイ', '2026-03-23 12:34:34', '2026-03-23 12:34:34'),
(153, '空家・行方不明専門司法書士', '空家・行方不明専門司法書士', '2026-03-23 12:34:34', '2026-03-23 12:34:34'),
(154, '美容・健康・生活', '若返り育毛ヘッドスパ', '2026-03-31 00:09:20', '2026-03-31 00:09:20'),
(155, '生命保険会社が絶対にマネできない医療保険', '生命保険会社が絶対にマネできない医療保険', '2026-03-31 00:09:20', '2026-03-31 00:09:20'),
(156, '心と美容の専門家', '心と美容の専門家', '2026-03-31 00:09:20', '2026-03-31 00:09:20'),
(157, '建設業特化営業代行', '建設業特化営業代行', '2026-03-31 00:09:20', '2026-03-31 00:09:20'),
(158, '革靴・靴磨き', '革靴・靴磨き', '2026-03-31 00:09:20', '2026-03-31 00:09:20'),
(159, '業務用厨房機器メーカー', '業務用厨房機器メーカー', '2026-03-31 00:09:20', '2026-03-31 00:09:20'),
(160, 'Webデザイナー', 'Webデザイナー', '2026-03-31 00:09:20', '2026-03-31 00:09:20'),
(161, '建設業向け高校生新卒採用コンサル', '建設業向け高校生新卒採用コンサル', '2026-03-31 00:09:20', '2026-03-31 00:09:20'),
(162, 'ゲームで学べる脱炭素経営', 'ゲームで学べる脱炭素経営', '2026-03-31 00:09:20', '2026-03-31 00:09:20'),
(163, '温活サロンコンサル、カウンセラー', '温活サロンコンサル、カウンセラー', '2026-03-31 00:09:20', '2026-03-31 00:09:20'),
(164, 'デジタルサイネージ販売代理店募集', 'デジタルサイネージ販売代理店募集', '2026-03-31 00:09:20', '2026-03-31 00:09:20'),
(165, '中小企業サポート', '日本製ものづくり再興事業プロデューサー', '2026-04-07 00:04:59', '2026-04-07 00:04:59'),
(166, '中小企業サポート', '店舗・施設集客を高めるデジタルサイネージ', '2026-04-07 00:04:59', '2026-04-07 00:04:59'),
(167, 'チラシ作成・プレゼンスライド作成', 'チラシ作成・プレゼンスライド作成', '2026-04-07 00:04:59', '2026-04-07 00:04:59'),
(168, 'フォトグラファー', 'フォトグラファー', '2026-04-07 00:04:59', '2026-04-07 00:04:59'),
(169, '一枚一枚削り出す福島のまな板職人', '一枚一枚削り出す福島のまな板職人', '2026-04-07 00:04:59', '2026-04-07 00:04:59'),
(170, 'ブランディング×デザイン', 'ブランディング×デザイン', '2026-04-07 00:04:59', '2026-04-07 00:04:59'),
(171, '地域創りプロデューサー', '地域創りプロデューサー', '2026-04-07 00:04:59', '2026-04-07 00:04:59'),
(172, '法人営業代行', '法人営業代行', '2026-04-07 00:04:59', '2026-04-07 00:04:59'),
(173, '税理士', '税理士', '2026-04-07 00:04:59', '2026-04-07 00:04:59'),
(174, 'WEBデザイン・グラフィックデザイン', 'WEBデザイン・グラフィックデザイン', '2026-04-07 00:04:59', '2026-04-07 00:04:59'),
(175, '事務代行', '事務代行', '2026-04-07 00:04:59', '2026-04-07 00:04:59'),
(176, 'グラフィックデザイナー', 'グラフィックデザイナー', '2026-04-07 00:04:59', '2026-04-07 00:04:59'),
(177, '飲食業', '飲食業', '2026-04-07 00:04:59', '2026-04-07 00:04:59'),
(178, 'インテリア雑貨の製造、販売', 'インテリア雑貨の製造、販売', '2026-04-07 00:04:59', '2026-04-07 00:04:59'),
(179, 'チーズ製造機械メーカー　チーズ製造販売', 'チーズ製造機械メーカー　チーズ製造販売', '2026-04-07 00:04:59', '2026-04-07 00:04:59'),
(180, '伝統工芸プロデューサー（営業代行、マーケティング）', '伝統工芸プロデューサー（営業代行、マーケティング）', '2026-04-07 00:04:59', '2026-04-07 00:04:59'),
(181, '建築全般、アート', '建築全般、アート', '2026-04-07 00:04:59', '2026-04-07 00:04:59'),
(182, 'オリジナル時計制作', 'オリジナル時計制作', '2026-04-07 00:04:59', '2026-04-07 00:04:59'),
(183, '美容化粧品販売・卸し', '美容化粧品販売・卸し', '2026-04-07 00:04:59', '2026-04-07 00:04:59'),
(184, '楽天市場特化コンサルティング', '楽天市場特化コンサルティング', '2026-04-07 00:04:59', '2026-04-07 00:04:59');

-- --------------------------------------------------------

--
-- テーブルの構造 `contact_memos`
--

CREATE TABLE `contact_memos` (
  `id` bigint(20) UNSIGNED NOT NULL,
  `workspace_id` bigint(20) UNSIGNED DEFAULT NULL,
  `owner_member_id` bigint(20) UNSIGNED NOT NULL,
  `target_member_id` bigint(20) UNSIGNED NOT NULL,
  `meeting_id` bigint(20) UNSIGNED DEFAULT NULL,
  `memo_type` varchar(32) NOT NULL DEFAULT 'other',
  `one_to_one_id` bigint(20) UNSIGNED DEFAULT NULL,
  `body` text DEFAULT NULL,
  `created_at` timestamp NULL DEFAULT NULL,
  `updated_at` timestamp NULL DEFAULT NULL
) ENGINE=InnoDB DEFAULT CHARSET=utf8mb4 COLLATE=utf8mb4_unicode_ci;

--
-- テーブルのデータのダンプ `contact_memos`
--

INSERT INTO `contact_memos` (`id`, `workspace_id`, `owner_member_id`, `target_member_id`, `meeting_id`, `memo_type`, `one_to_one_id`, `body`, `created_at`, `updated_at`) VALUES
(1, NULL, 1, 1, NULL, 'other', NULL, 'Phase16C smoke test memo', '2026-03-05 08:15:13', '2026-03-05 08:15:13'),
(2, NULL, 1, 14, 4, 'meeting', NULL, '外国人のスタッフ管理システムを構築したいと考えている\n1to1を希望', '2026-03-24 01:20:18', '2026-03-24 01:20:18'),
(3, NULL, 1, 17, 4, 'meeting', NULL, '高校生新卒採用\n求人がうまくいかない社長', '2026-03-24 01:37:13', '2026-03-24 01:37:13'),
(4, NULL, 1, 1, NULL, 'other', NULL, '小学校のプール解体をしている。\n木を切ってお庭を広くしたい人がいたら', '2026-03-31 01:31:59', '2026-03-31 01:31:59'),
(5, NULL, 1, 10, NULL, 'other', NULL, '業務拡大している施工店募集\nリフォーム業', '2026-03-31 01:32:26', '2026-03-31 01:32:26'),
(6, 1, 37, 18, NULL, 'one_to_one', 11, '- **共通点・シナジー:**\n  - **地元:** 両者とも静岡県藤枝市出身・在住。佐藤氏は藤枝市古利（西焼津小学校区）、次廣氏は青葉町（青島中学校区）。\n  - **教育への関心:** 次廣氏は娘の受験を控え、佐藤氏のキャリア教育理念（五教科と社会の結びつけ）に強く共感。\n  - **システム×採用:** 次廣氏は静岡県の大卒求人サイト **「三並び」** のアプリ開発を受注中。**大学生がメールを見ない** ため通知機能が必要、という課題を共有。\n- **アクションアイテム（当時の整理）:**\n  - 次廣氏: 求人媒体からのリスト自動作成システムの **技術調査・提案準備**。\n  - 佐藤氏: **5月中旬の静岡帰省日程確定後**、次廣氏に連絡。\n  - 両者: **名古屋出世クラブ（5月末）** への参加可能性を検討（今西氏が佐藤氏を誘致中）。\n- **次回ミーティング:** **5月16–17日頃**、佐藤氏静岡帰省時に **対面** で実施予定。\n- **プライベート文脈（会話に出た事実の記録・紹介判断とは分離）:** 婚活、飯田氏からの占い（**32歳で結婚** 等）、保険担当の高校同級生からの紹介の動きなどが要約に含まれる。**取り扱い注意。本人確認のうえ参照。**\n\n#### 抽出された課題（事実：会話で言及）\n\n- テレアポ用リスト作成の **手作業負荷**（約1時間100件ペース）。\n- 求人媒体からの自動取得は **技術** に加え **利用規約・法的リスク（二次利用）** の確認が必要、との合意。\n- Google マイビジネス／公開情報は **二次利用禁止** の話題があり、個人事業主リストは **取得経路の設計** が課題。\n\n#### 仮説（tugilo視点）\n\n- **課題①:** リスト作成が **コンサル本業とリソース競合** している。**根拠:** 手作業1時間100件の共有。**構造（仮説）:** リード前処理が属人・手作業 → 営業・提案に振る時間が圧迫 → スケールしにくい。\n- **課題②:** データ取得は **「作れるか」より「取ってよいか」** が先に決まる。**根拠:** スクレイピング・API の **法的リスク確認** が合意事項。**構造（仮説）:** 技術要件とコンプライアンスが分離できないと、開発が進んでも運用不能になりうる。\n- **シナジー:** 「採用」周辺に **通知・進捗・フォロー** のデジタル化が横展開しうる。**根拠:** 三並び案件で **メールを見ない大学生** と通知ニーズの共有。**仮説**としての展開可能性。\n\n#### 次アクション\n\n- 次廣: 技術調査・法務・規約リスク整理・提案準備。\n- 佐藤: 帰省日程確定後に連絡 → 5/16–17頃 対面設定。\n- 双方: 名古屋出世クラブ（5月末）参加の検討。', '2026-04-07 03:39:09', '2026-04-07 03:39:09');

-- --------------------------------------------------------

--
-- テーブルの構造 `dragonfly_contact_events`
--

CREATE TABLE `dragonfly_contact_events` (
  `id` bigint(20) UNSIGNED NOT NULL,
  `owner_member_id` bigint(20) UNSIGNED NOT NULL,
  `target_member_id` bigint(20) UNSIGNED NOT NULL,
  `meeting_id` bigint(20) UNSIGNED DEFAULT NULL,
  `event_type` varchar(32) NOT NULL,
  `reason` varchar(280) DEFAULT NULL,
  `meta` longtext CHARACTER SET utf8mb4 COLLATE utf8mb4_bin DEFAULT NULL CHECK (json_valid(`meta`)),
  `created_at` timestamp NULL DEFAULT NULL
) ENGINE=InnoDB DEFAULT CHARSET=utf8mb4 COLLATE=utf8mb4_unicode_ci;

--
-- テーブルのデータのダンプ `dragonfly_contact_events`
--

INSERT INTO `dragonfly_contact_events` (`id`, `owner_member_id`, `target_member_id`, `meeting_id`, `event_type`, `reason`, `meta`, `created_at`) VALUES
(5, 1, 2, 1, 'interested_on', 'test', NULL, '2026-03-03 08:33:35'),
(6, 1, 2, 1, 'interested_off', 'off', NULL, '2026-03-03 08:33:35'),
(7, 1, 2, 1, 'interested_on', 'both', NULL, '2026-03-03 08:33:35'),
(8, 1, 2, NULL, 'interested_off', NULL, NULL, '2026-03-03 08:33:43'),
(9, 1, 2, NULL, 'want_1on1_on', NULL, NULL, '2026-03-03 08:33:43'),
(10, 1, 12, NULL, 'interested_on', NULL, NULL, '2026-03-05 14:04:01'),
(11, 1, 12, NULL, 'want_1on1_off', NULL, NULL, '2026-03-05 14:04:01'),
(12, 1, 12, NULL, 'want_1on1_on', NULL, NULL, '2026-03-05 14:04:02'),
(13, 1, 12, NULL, 'interested_off', NULL, NULL, '2026-03-10 04:54:39'),
(14, 1, 12, NULL, 'want_1on1_off', NULL, NULL, '2026-03-10 04:54:39');

-- --------------------------------------------------------

--
-- テーブルの構造 `dragonfly_contact_flags`
--

CREATE TABLE `dragonfly_contact_flags` (
  `id` bigint(20) UNSIGNED NOT NULL,
  `workspace_id` bigint(20) UNSIGNED DEFAULT NULL,
  `owner_member_id` bigint(20) UNSIGNED NOT NULL,
  `target_member_id` bigint(20) UNSIGNED NOT NULL,
  `interested` tinyint(1) NOT NULL DEFAULT 0,
  `want_1on1` tinyint(1) NOT NULL DEFAULT 0,
  `extra_status` longtext CHARACTER SET utf8mb4 COLLATE utf8mb4_bin DEFAULT NULL CHECK (json_valid(`extra_status`)),
  `created_at` timestamp NULL DEFAULT NULL,
  `updated_at` timestamp NULL DEFAULT NULL
) ENGINE=InnoDB DEFAULT CHARSET=utf8mb4 COLLATE=utf8mb4_unicode_ci;

--
-- テーブルのデータのダンプ `dragonfly_contact_flags`
--

INSERT INTO `dragonfly_contact_flags` (`id`, `workspace_id`, `owner_member_id`, `target_member_id`, `interested`, `want_1on1`, `extra_status`, `created_at`, `updated_at`) VALUES
(3, NULL, 1, 2, 0, 1, '{\"only_extra\":true}', '2026-03-03 08:33:35', '2026-03-03 08:33:43'),
(4, NULL, 1, 12, 0, 0, NULL, '2026-03-05 14:04:01', '2026-03-10 04:54:39');

-- --------------------------------------------------------

--
-- テーブルの構造 `failed_jobs`
--

CREATE TABLE `failed_jobs` (
  `id` bigint(20) UNSIGNED NOT NULL,
  `uuid` varchar(255) NOT NULL,
  `connection` text NOT NULL,
  `queue` text NOT NULL,
  `payload` longtext NOT NULL,
  `exception` longtext NOT NULL,
  `failed_at` timestamp NOT NULL DEFAULT current_timestamp()
) ENGINE=InnoDB DEFAULT CHARSET=utf8mb4 COLLATE=utf8mb4_unicode_ci;

-- --------------------------------------------------------

--
-- テーブルの構造 `introductions`
--

CREATE TABLE `introductions` (
  `id` bigint(20) UNSIGNED NOT NULL,
  `workspace_id` bigint(20) UNSIGNED DEFAULT NULL,
  `owner_member_id` bigint(20) UNSIGNED NOT NULL,
  `from_member_id` bigint(20) UNSIGNED NOT NULL,
  `to_member_id` bigint(20) UNSIGNED NOT NULL,
  `meeting_id` bigint(20) UNSIGNED DEFAULT NULL,
  `introduced_at` date DEFAULT NULL,
  `note` text DEFAULT NULL,
  `created_at` timestamp NULL DEFAULT NULL,
  `updated_at` timestamp NULL DEFAULT NULL
) ENGINE=InnoDB DEFAULT CHARSET=utf8mb4 COLLATE=utf8mb4_unicode_ci;

-- --------------------------------------------------------

--
-- テーブルの構造 `jobs`
--

CREATE TABLE `jobs` (
  `id` bigint(20) UNSIGNED NOT NULL,
  `queue` varchar(255) NOT NULL,
  `payload` longtext NOT NULL,
  `attempts` tinyint(3) UNSIGNED NOT NULL,
  `reserved_at` int(10) UNSIGNED DEFAULT NULL,
  `available_at` int(10) UNSIGNED NOT NULL,
  `created_at` int(10) UNSIGNED NOT NULL
) ENGINE=InnoDB DEFAULT CHARSET=utf8mb4 COLLATE=utf8mb4_unicode_ci;

-- --------------------------------------------------------

--
-- テーブルの構造 `job_batches`
--

CREATE TABLE `job_batches` (
  `id` varchar(255) NOT NULL,
  `name` varchar(255) NOT NULL,
  `total_jobs` int(11) NOT NULL,
  `pending_jobs` int(11) NOT NULL,
  `failed_jobs` int(11) NOT NULL,
  `failed_job_ids` longtext NOT NULL,
  `options` mediumtext DEFAULT NULL,
  `cancelled_at` int(11) DEFAULT NULL,
  `created_at` int(11) NOT NULL,
  `finished_at` int(11) DEFAULT NULL
) ENGINE=InnoDB DEFAULT CHARSET=utf8mb4 COLLATE=utf8mb4_unicode_ci;

-- --------------------------------------------------------

--
-- テーブルの構造 `meetings`
--

CREATE TABLE `meetings` (
  `id` bigint(20) UNSIGNED NOT NULL,
  `number` int(10) UNSIGNED NOT NULL,
  `held_on` date NOT NULL,
  `name` varchar(255) DEFAULT NULL,
  `bo_count` tinyint(3) UNSIGNED NOT NULL DEFAULT 2,
  `created_at` timestamp NULL DEFAULT NULL,
  `updated_at` timestamp NULL DEFAULT NULL
) ENGINE=InnoDB DEFAULT CHARSET=utf8mb4 COLLATE=utf8mb4_unicode_ci;

--
-- テーブルのデータのダンプ `meetings`
--

INSERT INTO `meetings` (`id`, `number`, `held_on`, `name`, `bo_count`, `created_at`, `updated_at`) VALUES
(1, 199, '2026-03-03', '第199回定例会', 2, '2026-03-03 00:34:23', '2026-03-03 00:34:23'),
(2, 200, '2026-03-10', '第200回定例会', 2, '2026-03-10 00:40:13', '2026-03-10 00:40:13'),
(3, 201, '2026-03-17', '第201回定例会', 2, '2026-03-16 23:42:36', '2026-03-16 23:42:36'),
(4, 202, '2026-03-24', '第202回定例会', 2, '2026-03-20 09:47:41', '2026-03-20 09:47:41'),
(6, 203, '2026-03-31', '第203回定例会', 2, '2026-03-30 23:59:39', '2026-03-30 23:59:39'),
(7, 204, '2026-04-07', '第204回定例会', 2, '2026-04-07 00:04:24', '2026-04-07 00:04:24');

-- --------------------------------------------------------

--
-- テーブルの構造 `meeting_csv_apply_logs`
--

CREATE TABLE `meeting_csv_apply_logs` (
  `id` bigint(20) UNSIGNED NOT NULL,
  `meeting_id` bigint(20) UNSIGNED NOT NULL,
  `meeting_csv_import_id` bigint(20) UNSIGNED NOT NULL,
  `apply_type` varchar(32) NOT NULL,
  `applied_on` date NOT NULL,
  `executed_at` datetime NOT NULL,
  `applied_count` int(10) UNSIGNED NOT NULL DEFAULT 0,
  `added_count` int(10) UNSIGNED DEFAULT NULL,
  `updated_count` int(10) UNSIGNED DEFAULT NULL,
  `deleted_count` int(10) UNSIGNED DEFAULT NULL,
  `protected_count` int(10) UNSIGNED DEFAULT NULL,
  `skipped_count` int(10) UNSIGNED DEFAULT NULL,
  `meta` longtext CHARACTER SET utf8mb4 COLLATE utf8mb4_bin DEFAULT NULL CHECK (json_valid(`meta`)),
  `executed_by_member_id` bigint(20) UNSIGNED DEFAULT NULL,
  `created_at` timestamp NULL DEFAULT NULL,
  `updated_at` timestamp NULL DEFAULT NULL
) ENGINE=InnoDB DEFAULT CHARSET=utf8mb4 COLLATE=utf8mb4_unicode_ci;

-- --------------------------------------------------------

--
-- テーブルの構造 `meeting_csv_imports`
--

CREATE TABLE `meeting_csv_imports` (
  `id` bigint(20) UNSIGNED NOT NULL,
  `meeting_id` bigint(20) UNSIGNED NOT NULL,
  `file_path` varchar(512) NOT NULL,
  `file_name` varchar(255) NOT NULL,
  `uploaded_at` timestamp NULL DEFAULT NULL,
  `imported_at` timestamp NULL DEFAULT NULL,
  `applied_count` int(10) UNSIGNED DEFAULT NULL,
  `created_at` timestamp NULL DEFAULT NULL,
  `updated_at` timestamp NULL DEFAULT NULL
) ENGINE=InnoDB DEFAULT CHARSET=utf8mb4 COLLATE=utf8mb4_unicode_ci;

--
-- テーブルのデータのダンプ `meeting_csv_imports`
--

INSERT INTO `meeting_csv_imports` (`id`, `meeting_id`, `file_path`, `file_name`, `uploaded_at`, `imported_at`, `applied_count`, `created_at`, `updated_at`) VALUES
(1, 3, 'meeting_csv_imports/3/20260319020516_dragonfly_201_20260317_all_csv.txt', 'dragonfly_201_20260317_all_csv.txt', '2026-03-19 02:05:16', NULL, NULL, '2026-03-19 02:05:16', '2026-03-19 02:05:16'),
(2, 3, 'meeting_csv_imports/3/20260319020916_dragonfly_201_20260317_all_csv.txt', 'dragonfly_201_20260317_all_csv.txt', '2026-03-19 02:09:16', NULL, NULL, '2026-03-19 02:09:16', '2026-03-19 02:09:16'),
(3, 3, 'meeting_csv_imports/3/20260319133855_dragonfly_201_20260317_all_csv.txt', 'dragonfly_201_20260317_all_csv.txt', '2026-03-19 13:38:55', NULL, NULL, '2026-03-19 13:38:55', '2026-03-19 13:38:55'),
(4, 6, 'meeting_csv_imports/6/20260331000001_dragonfly_203_20260331_all.csv', 'dragonfly_203_20260331_all.csv', '2026-03-31 00:00:01', NULL, NULL, '2026-03-31 00:00:01', '2026-03-31 00:00:01'),
(5, 6, 'meeting_csv_imports/6/20260331000417_dragonfly_203_20260331_all_fixed.csv', 'dragonfly_203_20260331_all_fixed.csv', '2026-03-31 00:04:17', NULL, NULL, '2026-03-31 00:04:17', '2026-03-31 00:04:17'),
(6, 6, 'meeting_csv_imports/6/20260331000507_dragonfly_203_20260331_all_fixed.csv', 'dragonfly_203_20260331_all_fixed.csv', '2026-03-31 00:05:07', NULL, NULL, '2026-03-31 00:05:07', '2026-03-31 00:05:07');

-- --------------------------------------------------------

--
-- テーブルの構造 `meeting_csv_import_resolutions`
--

CREATE TABLE `meeting_csv_import_resolutions` (
  `id` bigint(20) UNSIGNED NOT NULL,
  `meeting_csv_import_id` bigint(20) UNSIGNED NOT NULL,
  `resolution_type` varchar(16) NOT NULL,
  `source_value` varchar(512) NOT NULL,
  `resolved_id` bigint(20) UNSIGNED NOT NULL,
  `resolved_label` varchar(512) DEFAULT NULL,
  `action_type` varchar(16) NOT NULL,
  `created_at` timestamp NULL DEFAULT NULL,
  `updated_at` timestamp NULL DEFAULT NULL
) ENGINE=InnoDB DEFAULT CHARSET=utf8mb4 COLLATE=utf8mb4_unicode_ci;

-- --------------------------------------------------------

--
-- テーブルの構造 `meeting_participant_imports`
--

CREATE TABLE `meeting_participant_imports` (
  `id` bigint(20) UNSIGNED NOT NULL,
  `meeting_id` bigint(20) UNSIGNED NOT NULL,
  `file_path` varchar(512) NOT NULL,
  `original_filename` varchar(255) NOT NULL,
  `status` varchar(20) NOT NULL DEFAULT 'uploaded',
  `parsed_at` timestamp NULL DEFAULT NULL,
  `parse_status` varchar(20) NOT NULL DEFAULT 'pending',
  `extracted_text` longtext DEFAULT NULL,
  `extracted_result` longtext CHARACTER SET utf8mb4 COLLATE utf8mb4_bin DEFAULT NULL CHECK (json_valid(`extracted_result`)),
  `imported_at` datetime DEFAULT NULL,
  `applied_count` int(10) UNSIGNED DEFAULT NULL,
  `created_at` timestamp NULL DEFAULT NULL,
  `updated_at` timestamp NULL DEFAULT NULL
) ENGINE=InnoDB DEFAULT CHARSET=utf8mb4 COLLATE=utf8mb4_unicode_ci;

--
-- テーブルのデータのダンプ `meeting_participant_imports`
--

INSERT INTO `meeting_participant_imports` (`id`, `meeting_id`, `file_path`, `original_filename`, `status`, `parsed_at`, `parse_status`, `extracted_text`, `extracted_result`, `imported_at`, `applied_count`, `created_at`, `updated_at`) VALUES
(1, 3, 'meeting_participant_imports/3/8c7b5848-8489-44c3-a797-9ce9c19afaa9.pdf', '定例会参加者リスト2026_03_17.pdf', 'uploaded', '2026-03-18 07:45:49', 'success', 'BNI東京N.E.リージョン　　BNI　DragonFly\n第201回　2026/03/17\nBNI　DragonFly メンバー表\nNo.名前	よみがな	カテゴリー	役職	備考\n建設・不動産　\n1平岡　国彦	ひらおか　くにひこ\n千葉県成田市\n大型物件対応解体工事\n2増本　重孝	ますもと　しげたか\n静岡県島田市\n虫が建物に近寄らない害虫ブロック	BODコーディネーター/メンターサポー\nト\n3長谷川　貴志	はせがわ　たかし\n新潟県加茂市\n空き家問題を解決する不動産屋	BCP担当、対面イベントサポート\n4松倉　健治	まつくら　けんじ\n千葉県松戸市\nエアロゲル透明断熱フィルム\nAerogel Transparent Heat insulating Film\nビジターホストコーディネーター\n5福上　大輝	ふくがみ　たいき\n静岡県浜松市\n自宅で開業にちょうどいい小屋	プレジデント\n6太田　一誠	おおた　いっせい\nOhta Issei\nファインバブル（住宅設備機器）販売\n7高野　和義	たかの　かずよし\n千葉県袖ケ浦市\n足場部材販売\n中小企業サポート　\n8福士　利明	ふくし　としあき\n栃木県足利市\n日本企業からの海外専門安心物流	トレーニングサポート\n9後藤　岳久	ごとう　たけひさ\n静岡県島田市\n出張手配専門旅行会社\nTravel agency specializing in business trips\n対面イベントサポート\n10倉持　賢一	くらもち　けんいち\n埼玉県秩父市\n中国向け物販支援\nChina Marketing Support\nWEBマスター\n11岡元　智美	おかもと　ともみ\n福岡県筑後市\n勝てるプレゼン資料伈	1to1担当・書記兼会計補佐\n12西浦　雅	にしうら　みやび\n静岡県藤枝市\n外構工事特化型SNS集客	エデュケーションコーディネーター・O\nCCサポート\n13芳賀　崇利	はが　たかとし\n2\n地域情報サイト運営	イベント担当（フォーラム）\n\nBNI東京N.E.リージョン BNI　DragonFly\n第201回　2026/03/17\nBNI　DragonFly ミーティング参加者\nNo. お名前（敬称略）	お名前（ふりがな）	カテゴリー	紹介者	アテンド	オリエン	備考\nビジター様\n01帆苅　有希	ほかり　あき	toB向けビジネススクール	芳賀　崇利	平岡　国彦\n船津　麻理子\n佐藤　拓斗\n平岡　国彦\n02藤井　寛幸	ふじい　ひろゆき	健康支援サービス	里見　允二	廣田　誠悟\n横山　尚武\n今村　千絵\n廣田　誠悟\n03後藤　和樹	ごとう　かずき	ゲーム・ホビー・メディア専門買取	渡邊　真大	加藤　隆太\n吉田　俊之\n吉田　俊之\n04伊藤　剛志	いとう　たけし	ニッチナンバーワンプロデューサー	渡邊　真大	小中　貴晃\n山本　洸太\n立岡　海人\n小中　貴晃\n山本　洸太\n05福山　結花	ふくやま　ゆか	高齢者向けアプリ	渡邊　真大	渡邊　真大\n山本　三那子\n大竹　絵理香\n渡邊　真大\n山本　三那子\n06渡部　真知子	わたべ　まちこ	不動産管理　民泊	渡邊　真大	中村　啓吾\n木村　健悟\n長谷川　貴志\n中村　啓吾\n07吉川　昂伸	よしかわ　こうしん	古物商	渡邊　真大	越賀　淑恵\n槇村　翔磨\n越賀　淑恵\n08安信　みお	やすのぶ　みお	金融・クルーズ事業	渡邊　真大	竹内　駿太\n紀川　和弘\n竹内　駿太\n09淺倉　隆志	あさくら　たかし	ビューティービズサロン（コワーキング\nスペース＆レンタルサロン複合型施設F\nC本部）\n飯田　千帆	海沼　功\n佐久間　康丞\n望月　雅幸\n海沼　功\n10山本　葉子	やまもと　ようこ	ビジネスカード	増本　重孝	増本　重孝\n後藤　岳久\n西岡　優希\n増本　重孝\n11熊谷　紘樹	くまがい　ひろき	屋根工事業	畠山　憲之	畠山　憲之\n高野　和義\n福上　大輝\n畠山　憲之\n6\n\n12村上　彩子	むらかみ　あやこ	サステナビリティ×パーパス経営　研修	梅澤　朗広	梅澤　朗広\n飯田　千帆\n山口　薫\n梅澤　朗広\n13草野　修一	くさの　しゅういち	伐採・草刈り	倉持　賢一	倉持　賢一\n藤井　恵理子\n田渕　恭平\n倉持　賢一\n14只野　優子	ただの　ゆうこ	フェムケア	清原　佳彩美 今西　俊明\n清原　佳彩美\n次廣　淳\n今西　俊明\n清原　佳彩美\n15木村　篤樹	きむら　あつき	珈琲豆の「食べる資源化」クラウドファ\nンディング\n梅澤　朗広	里見　允二\n飯田　香\n里見　允二\n代理出席者様\n01西野入　直輝	にしのいり　なおき	シングルマザー専門事業コンシェルジュ	平山　真由美\n02小柳　真理子	こやなぎ　まりこ	エアロゲル透明断熱フィルム	松倉　健治\n03岡村　健美	おかむら　たけみ	ファインバブル（住宅設備機器）販売	太田 　一誠\nゲスト様\n01松居　外志美	まつい　としみ	応用脳科学を使った企業研修講師	舩杉　牧子	舩杉　牧子\n芳賀　崇利\n軍司　敦哉\n舩杉　牧子\n02八木　隆明	やぎ　たかあき	着物監修家/再生・オーダーディレクター	渡邊　真大	岡元　智美\n福士　利明\n岡元　智美\n7', '{\"candidates\":[{\"name\":\"BNI\\u6771\\u4eacN.E.\\u30ea\\u30fc\\u30b8\\u30e7\\u30f3\\u3000\\u3000BNI\\u3000DragonFly\",\"raw_line\":\"BNI\\u6771\\u4eacN.E.\\u30ea\\u30fc\\u30b8\\u30e7\\u30f3\\u3000\\u3000BNI\\u3000DragonFly\",\"type_hint\":\"regular\",\"page_type\":\"members\",\"source_section\":null},{\"name\":\"\\u7b2c201\\u56de\\u30002026\\/03\\/17\",\"raw_line\":\"\\u7b2c201\\u56de\\u30002026\\/03\\/17\",\"type_hint\":\"regular\",\"page_type\":\"members\",\"source_section\":null},{\"name\":\"1\\u5e73\\u5ca1\\u3000\\u56fd\\u5f66\\t\\u3072\\u3089\\u304a\\u304b\\u3000\\u304f\\u306b\\u3072\\u3053\",\"raw_line\":\"1\\u5e73\\u5ca1\\u3000\\u56fd\\u5f66\\t\\u3072\\u3089\\u304a\\u304b\\u3000\\u304f\\u306b\\u3072\\u3053\",\"type_hint\":\"regular\",\"page_type\":\"members\",\"source_section\":null},{\"name\":\"\\u5343\\u8449\\u770c\\u6210\\u7530\\u5e02\",\"raw_line\":\"\\u5343\\u8449\\u770c\\u6210\\u7530\\u5e02\",\"type_hint\":\"regular\",\"page_type\":\"members\",\"source_section\":null},{\"name\":\"\\u5927\\u578b\\u7269\\u4ef6\\u5bfe\\u5fdc\\u89e3\\u4f53\\u5de5\\u4e8b\",\"raw_line\":\"\\u5927\\u578b\\u7269\\u4ef6\\u5bfe\\u5fdc\\u89e3\\u4f53\\u5de5\\u4e8b\",\"type_hint\":\"regular\",\"page_type\":\"members\",\"source_section\":null},{\"name\":\"2\\u5897\\u672c\\u3000\\u91cd\\u5b5d\\t\\u307e\\u3059\\u3082\\u3068\\u3000\\u3057\\u3052\\u305f\\u304b\",\"raw_line\":\"2\\u5897\\u672c\\u3000\\u91cd\\u5b5d\\t\\u307e\\u3059\\u3082\\u3068\\u3000\\u3057\\u3052\\u305f\\u304b\",\"type_hint\":\"regular\",\"page_type\":\"members\",\"source_section\":null},{\"name\":\"\\u9759\\u5ca1\\u770c\\u5cf6\\u7530\\u5e02\",\"raw_line\":\"\\u9759\\u5ca1\\u770c\\u5cf6\\u7530\\u5e02\",\"type_hint\":\"regular\",\"page_type\":\"members\",\"source_section\":null},{\"name\":\"\\u866b\\u304c\\u5efa\\u7269\\u306b\\u8fd1\\u5bc4\\u3089\\u306a\\u3044\\u5bb3\\u866b\\u30d6\\u30ed\\u30c3\\u30af\\tBOD\\u30b3\\u30fc\\u30c7\\u30a3\\u30cd\\u30fc\\u30bf\\u30fc\\/\\u30e1\\u30f3\\u30bf\\u30fc\\u30b5\\u30dd\\u30fc\",\"raw_line\":\"\\u866b\\u304c\\u5efa\\u7269\\u306b\\u8fd1\\u5bc4\\u3089\\u306a\\u3044\\u5bb3\\u866b\\u30d6\\u30ed\\u30c3\\u30af\\tBOD\\u30b3\\u30fc\\u30c7\\u30a3\\u30cd\\u30fc\\u30bf\\u30fc\\/\\u30e1\\u30f3\\u30bf\\u30fc\\u30b5\\u30dd\\u30fc\",\"type_hint\":\"regular\",\"page_type\":\"members\",\"source_section\":null},{\"name\":\"3\\u9577\\u8c37\\u5ddd\\u3000\\u8cb4\\u5fd7\\t\\u306f\\u305b\\u304c\\u308f\\u3000\\u305f\\u304b\\u3057\",\"raw_line\":\"3\\u9577\\u8c37\\u5ddd\\u3000\\u8cb4\\u5fd7\\t\\u306f\\u305b\\u304c\\u308f\\u3000\\u305f\\u304b\\u3057\",\"type_hint\":\"regular\",\"page_type\":\"members\",\"source_section\":null},{\"name\":\"\\u65b0\\u6f5f\\u770c\\u52a0\\u8302\\u5e02\",\"raw_line\":\"\\u65b0\\u6f5f\\u770c\\u52a0\\u8302\\u5e02\",\"type_hint\":\"regular\",\"page_type\":\"members\",\"source_section\":null},{\"name\":\"\\u7a7a\\u304d\\u5bb6\\u554f\\u984c\\u3092\\u89e3\\u6c7a\\u3059\\u308b\\u4e0d\\u52d5\\u7523\\u5c4b\\tBCP\\u62c5\\u5f53\\u3001\\u5bfe\\u9762\\u30a4\\u30d9\\u30f3\\u30c8\\u30b5\\u30dd\\u30fc\\u30c8\",\"raw_line\":\"\\u7a7a\\u304d\\u5bb6\\u554f\\u984c\\u3092\\u89e3\\u6c7a\\u3059\\u308b\\u4e0d\\u52d5\\u7523\\u5c4b\\tBCP\\u62c5\\u5f53\\u3001\\u5bfe\\u9762\\u30a4\\u30d9\\u30f3\\u30c8\\u30b5\\u30dd\\u30fc\\u30c8\",\"type_hint\":\"regular\",\"page_type\":\"members\",\"source_section\":null},{\"name\":\"4\\u677e\\u5009\\u3000\\u5065\\u6cbb\\t\\u307e\\u3064\\u304f\\u3089\\u3000\\u3051\\u3093\\u3058\",\"raw_line\":\"4\\u677e\\u5009\\u3000\\u5065\\u6cbb\\t\\u307e\\u3064\\u304f\\u3089\\u3000\\u3051\\u3093\\u3058\",\"type_hint\":\"regular\",\"page_type\":\"members\",\"source_section\":null},{\"name\":\"\\u5343\\u8449\\u770c\\u677e\\u6238\\u5e02\",\"raw_line\":\"\\u5343\\u8449\\u770c\\u677e\\u6238\\u5e02\",\"type_hint\":\"regular\",\"page_type\":\"members\",\"source_section\":null},{\"name\":\"\\u30a8\\u30a2\\u30ed\\u30b2\\u30eb\\u900f\\u660e\\u65ad\\u71b1\\u30d5\\u30a3\\u30eb\\u30e0\",\"raw_line\":\"\\u30a8\\u30a2\\u30ed\\u30b2\\u30eb\\u900f\\u660e\\u65ad\\u71b1\\u30d5\\u30a3\\u30eb\\u30e0\",\"type_hint\":\"regular\",\"page_type\":\"members\",\"source_section\":null},{\"name\":\"Aerogel Transparent Heat insulating Film\",\"raw_line\":\"Aerogel Transparent Heat insulating Film\",\"type_hint\":\"regular\",\"page_type\":\"members\",\"source_section\":null},{\"name\":\"\\u30d3\\u30b8\\u30bf\\u30fc\\u30db\\u30b9\\u30c8\\u30b3\\u30fc\\u30c7\\u30a3\\u30cd\\u30fc\\u30bf\\u30fc\",\"raw_line\":\"\\u30d3\\u30b8\\u30bf\\u30fc\\u30db\\u30b9\\u30c8\\u30b3\\u30fc\\u30c7\\u30a3\\u30cd\\u30fc\\u30bf\\u30fc\",\"type_hint\":\"regular\",\"page_type\":\"members\",\"source_section\":null},{\"name\":\"5\\u798f\\u4e0a\\u3000\\u5927\\u8f1d\\t\\u3075\\u304f\\u304c\\u307f\\u3000\\u305f\\u3044\\u304d\",\"raw_line\":\"5\\u798f\\u4e0a\\u3000\\u5927\\u8f1d\\t\\u3075\\u304f\\u304c\\u307f\\u3000\\u305f\\u3044\\u304d\",\"type_hint\":\"regular\",\"page_type\":\"members\",\"source_section\":null},{\"name\":\"\\u9759\\u5ca1\\u770c\\u6d5c\\u677e\\u5e02\",\"raw_line\":\"\\u9759\\u5ca1\\u770c\\u6d5c\\u677e\\u5e02\",\"type_hint\":\"regular\",\"page_type\":\"members\",\"source_section\":null},{\"name\":\"\\u81ea\\u5b85\\u3067\\u958b\\u696d\\u306b\\u3061\\u3087\\u3046\\u3069\\u3044\\u3044\\u5c0f\\u5c4b\\t\\u30d7\\u30ec\\u30b8\\u30c7\\u30f3\\u30c8\",\"raw_line\":\"\\u81ea\\u5b85\\u3067\\u958b\\u696d\\u306b\\u3061\\u3087\\u3046\\u3069\\u3044\\u3044\\u5c0f\\u5c4b\\t\\u30d7\\u30ec\\u30b8\\u30c7\\u30f3\\u30c8\",\"type_hint\":\"regular\",\"page_type\":\"members\",\"source_section\":null},{\"name\":\"6\\u592a\\u7530\\u3000\\u4e00\\u8aa0\\t\\u304a\\u304a\\u305f\\u3000\\u3044\\u3063\\u305b\\u3044\",\"raw_line\":\"6\\u592a\\u7530\\u3000\\u4e00\\u8aa0\\t\\u304a\\u304a\\u305f\\u3000\\u3044\\u3063\\u305b\\u3044\",\"type_hint\":\"regular\",\"page_type\":\"members\",\"source_section\":null},{\"name\":\"Ohta Issei\",\"raw_line\":\"Ohta Issei\",\"type_hint\":\"regular\",\"page_type\":\"members\",\"source_section\":null},{\"name\":\"\\u30d5\\u30a1\\u30a4\\u30f3\\u30d0\\u30d6\\u30eb\\uff08\\u4f4f\\u5b85\\u8a2d\\u5099\\u6a5f\\u5668\\uff09\\u8ca9\\u58f2\",\"raw_line\":\"\\u30d5\\u30a1\\u30a4\\u30f3\\u30d0\\u30d6\\u30eb\\uff08\\u4f4f\\u5b85\\u8a2d\\u5099\\u6a5f\\u5668\\uff09\\u8ca9\\u58f2\",\"type_hint\":\"regular\",\"page_type\":\"members\",\"source_section\":null},{\"name\":\"7\\u9ad8\\u91ce\\u3000\\u548c\\u7fa9\\t\\u305f\\u304b\\u306e\\u3000\\u304b\\u305a\\u3088\\u3057\",\"raw_line\":\"7\\u9ad8\\u91ce\\u3000\\u548c\\u7fa9\\t\\u305f\\u304b\\u306e\\u3000\\u304b\\u305a\\u3088\\u3057\",\"type_hint\":\"regular\",\"page_type\":\"members\",\"source_section\":null},{\"name\":\"\\u5343\\u8449\\u770c\\u8896\\u30b1\\u6d66\\u5e02\",\"raw_line\":\"\\u5343\\u8449\\u770c\\u8896\\u30b1\\u6d66\\u5e02\",\"type_hint\":\"regular\",\"page_type\":\"members\",\"source_section\":null},{\"name\":\"\\u8db3\\u5834\\u90e8\\u6750\\u8ca9\\u58f2\",\"raw_line\":\"\\u8db3\\u5834\\u90e8\\u6750\\u8ca9\\u58f2\",\"type_hint\":\"regular\",\"page_type\":\"members\",\"source_section\":null},{\"name\":\"\\u4e2d\\u5c0f\\u4f01\\u696d\\u30b5\\u30dd\\u30fc\\u30c8\\u3000\",\"raw_line\":\"\\u4e2d\\u5c0f\\u4f01\\u696d\\u30b5\\u30dd\\u30fc\\u30c8\\u3000\",\"type_hint\":\"regular\",\"page_type\":\"members\",\"source_section\":null},{\"name\":\"8\\u798f\\u58eb\\u3000\\u5229\\u660e\\t\\u3075\\u304f\\u3057\\u3000\\u3068\\u3057\\u3042\\u304d\",\"raw_line\":\"8\\u798f\\u58eb\\u3000\\u5229\\u660e\\t\\u3075\\u304f\\u3057\\u3000\\u3068\\u3057\\u3042\\u304d\",\"type_hint\":\"regular\",\"page_type\":\"members\",\"source_section\":null},{\"name\":\"\\u6803\\u6728\\u770c\\u8db3\\u5229\\u5e02\",\"raw_line\":\"\\u6803\\u6728\\u770c\\u8db3\\u5229\\u5e02\",\"type_hint\":\"regular\",\"page_type\":\"members\",\"source_section\":null},{\"name\":\"\\u65e5\\u672c\\u4f01\\u696d\\u304b\\u3089\\u306e\\u6d77\\u5916\\u5c02\\u9580\\u5b89\\u5fc3\\u7269\\u6d41\\t\\u30c8\\u30ec\\u30fc\\u30cb\\u30f3\\u30b0\\u30b5\\u30dd\\u30fc\\u30c8\",\"raw_line\":\"\\u65e5\\u672c\\u4f01\\u696d\\u304b\\u3089\\u306e\\u6d77\\u5916\\u5c02\\u9580\\u5b89\\u5fc3\\u7269\\u6d41\\t\\u30c8\\u30ec\\u30fc\\u30cb\\u30f3\\u30b0\\u30b5\\u30dd\\u30fc\\u30c8\",\"type_hint\":\"regular\",\"page_type\":\"members\",\"source_section\":null},{\"name\":\"9\\u5f8c\\u85e4\\u3000\\u5cb3\\u4e45\\t\\u3054\\u3068\\u3046\\u3000\\u305f\\u3051\\u3072\\u3055\",\"raw_line\":\"9\\u5f8c\\u85e4\\u3000\\u5cb3\\u4e45\\t\\u3054\\u3068\\u3046\\u3000\\u305f\\u3051\\u3072\\u3055\",\"type_hint\":\"regular\",\"page_type\":\"members\",\"source_section\":null},{\"name\":\"\\u9759\\u5ca1\\u770c\\u5cf6\\u7530\\u5e02\",\"raw_line\":\"\\u9759\\u5ca1\\u770c\\u5cf6\\u7530\\u5e02\",\"type_hint\":\"regular\",\"page_type\":\"members\",\"source_section\":null},{\"name\":\"\\u51fa\\u5f35\\u624b\\u914d\\u5c02\\u9580\\u65c5\\u884c\\u4f1a\\u793e\",\"raw_line\":\"\\u51fa\\u5f35\\u624b\\u914d\\u5c02\\u9580\\u65c5\\u884c\\u4f1a\\u793e\",\"type_hint\":\"regular\",\"page_type\":\"members\",\"source_section\":null},{\"name\":\"Travel agency specializing in business trips\",\"raw_line\":\"Travel agency specializing in business trips\",\"type_hint\":\"regular\",\"page_type\":\"members\",\"source_section\":null},{\"name\":\"\\u5bfe\\u9762\\u30a4\\u30d9\\u30f3\\u30c8\\u30b5\\u30dd\\u30fc\\u30c8\",\"raw_line\":\"\\u5bfe\\u9762\\u30a4\\u30d9\\u30f3\\u30c8\\u30b5\\u30dd\\u30fc\\u30c8\",\"type_hint\":\"regular\",\"page_type\":\"members\",\"source_section\":null},{\"name\":\"10\\u5009\\u6301\\u3000\\u8ce2\\u4e00\\t\\u304f\\u3089\\u3082\\u3061\\u3000\\u3051\\u3093\\u3044\\u3061\",\"raw_line\":\"10\\u5009\\u6301\\u3000\\u8ce2\\u4e00\\t\\u304f\\u3089\\u3082\\u3061\\u3000\\u3051\\u3093\\u3044\\u3061\",\"type_hint\":\"regular\",\"page_type\":\"members\",\"source_section\":null},{\"name\":\"\\u57fc\\u7389\\u770c\\u79e9\\u7236\\u5e02\",\"raw_line\":\"\\u57fc\\u7389\\u770c\\u79e9\\u7236\\u5e02\",\"type_hint\":\"regular\",\"page_type\":\"members\",\"source_section\":null},{\"name\":\"\\u4e2d\\u56fd\\u5411\\u3051\\u7269\\u8ca9\\u652f\\u63f4\",\"raw_line\":\"\\u4e2d\\u56fd\\u5411\\u3051\\u7269\\u8ca9\\u652f\\u63f4\",\"type_hint\":\"regular\",\"page_type\":\"members\",\"source_section\":null},{\"name\":\"China Marketing Support\",\"raw_line\":\"China Marketing Support\",\"type_hint\":\"regular\",\"page_type\":\"members\",\"source_section\":null},{\"name\":\"WEB\\u30de\\u30b9\\u30bf\\u30fc\",\"raw_line\":\"WEB\\u30de\\u30b9\\u30bf\\u30fc\",\"type_hint\":\"regular\",\"page_type\":\"members\",\"source_section\":null},{\"name\":\"11\\u5ca1\\u5143\\u3000\\u667a\\u7f8e\\t\\u304a\\u304b\\u3082\\u3068\\u3000\\u3068\\u3082\\u307f\",\"raw_line\":\"11\\u5ca1\\u5143\\u3000\\u667a\\u7f8e\\t\\u304a\\u304b\\u3082\\u3068\\u3000\\u3068\\u3082\\u307f\",\"type_hint\":\"regular\",\"page_type\":\"members\",\"source_section\":null},{\"name\":\"\\u798f\\u5ca1\\u770c\\u7b51\\u5f8c\\u5e02\",\"raw_line\":\"\\u798f\\u5ca1\\u770c\\u7b51\\u5f8c\\u5e02\",\"type_hint\":\"regular\",\"page_type\":\"members\",\"source_section\":null},{\"name\":\"\\u52dd\\u3066\\u308b\\u30d7\\u30ec\\u30bc\\u30f3\\u8cc7\\u6599\\u4f08\\u0010\\t1to1\\u62c5\\u5f53\\u30fb\\u66f8\\u8a18\\u517c\\u4f1a\\u8a08\\u88dc\\u4f50\",\"raw_line\":\"\\u52dd\\u3066\\u308b\\u30d7\\u30ec\\u30bc\\u30f3\\u8cc7\\u6599\\u4f08\\u0010\\t1to1\\u62c5\\u5f53\\u30fb\\u66f8\\u8a18\\u517c\\u4f1a\\u8a08\\u88dc\\u4f50\",\"type_hint\":\"regular\",\"page_type\":\"members\",\"source_section\":null},{\"name\":\"12\\u897f\\u6d66\\u3000\\u96c5\\t\\u306b\\u3057\\u3046\\u3089\\u3000\\u307f\\u3084\\u3073\",\"raw_line\":\"12\\u897f\\u6d66\\u3000\\u96c5\\t\\u306b\\u3057\\u3046\\u3089\\u3000\\u307f\\u3084\\u3073\",\"type_hint\":\"regular\",\"page_type\":\"members\",\"source_section\":null},{\"name\":\"\\u9759\\u5ca1\\u770c\\u85e4\\u679d\\u5e02\",\"raw_line\":\"\\u9759\\u5ca1\\u770c\\u85e4\\u679d\\u5e02\",\"type_hint\":\"regular\",\"page_type\":\"members\",\"source_section\":null},{\"name\":\"\\u5916\\u69cb\\u5de5\\u4e8b\\u7279\\u5316\\u578bSNS\\u96c6\\u5ba2\\t\\u30a8\\u30c7\\u30e5\\u30b1\\u30fc\\u30b7\\u30e7\\u30f3\\u30b3\\u30fc\\u30c7\\u30a3\\u30cd\\u30fc\\u30bf\\u30fc\\u30fbO\",\"raw_line\":\"\\u5916\\u69cb\\u5de5\\u4e8b\\u7279\\u5316\\u578bSNS\\u96c6\\u5ba2\\t\\u30a8\\u30c7\\u30e5\\u30b1\\u30fc\\u30b7\\u30e7\\u30f3\\u30b3\\u30fc\\u30c7\\u30a3\\u30cd\\u30fc\\u30bf\\u30fc\\u30fbO\",\"type_hint\":\"regular\",\"page_type\":\"members\",\"source_section\":null},{\"name\":\"CC\\u30b5\\u30dd\\u30fc\\u30c8\",\"raw_line\":\"CC\\u30b5\\u30dd\\u30fc\\u30c8\",\"type_hint\":\"regular\",\"page_type\":\"members\",\"source_section\":null},{\"name\":\"13\\u82b3\\u8cc0\\u3000\\u5d07\\u5229\\t\\u306f\\u304c\\u3000\\u305f\\u304b\\u3068\\u3057\",\"raw_line\":\"13\\u82b3\\u8cc0\\u3000\\u5d07\\u5229\\t\\u306f\\u304c\\u3000\\u305f\\u304b\\u3068\\u3057\",\"type_hint\":\"regular\",\"page_type\":\"members\",\"source_section\":null},{\"name\":\"\\u5730\\u57df\\u60c5\\u5831\\u30b5\\u30a4\\u30c8\\u904b\\u55b6\\t\\u30a4\\u30d9\\u30f3\\u30c8\\u62c5\\u5f53\\uff08\\u30d5\\u30a9\\u30fc\\u30e9\\u30e0\\uff09\",\"raw_line\":\"\\u5730\\u57df\\u60c5\\u5831\\u30b5\\u30a4\\u30c8\\u904b\\u55b6\\t\\u30a4\\u30d9\\u30f3\\u30c8\\u62c5\\u5f53\\uff08\\u30d5\\u30a9\\u30fc\\u30e9\\u30e0\\uff09\",\"type_hint\":\"regular\",\"page_type\":\"members\",\"source_section\":null},{\"name\":\"BNI\\u6771\\u4eacN.E.\\u30ea\\u30fc\\u30b8\\u30e7\\u30f3 BNI\\u3000DragonFly\",\"raw_line\":\"BNI\\u6771\\u4eacN.E.\\u30ea\\u30fc\\u30b8\\u30e7\\u30f3 BNI\\u3000DragonFly\",\"type_hint\":\"regular\",\"page_type\":\"participants\",\"source_section\":null},{\"name\":\"\\u7b2c201\\u56de\\u30002026\\/03\\/17\",\"raw_line\":\"\\u7b2c201\\u56de\\u30002026\\/03\\/17\",\"type_hint\":\"regular\",\"page_type\":\"participants\",\"source_section\":null},{\"name\":\"No. \\u304a\\u540d\\u524d\\uff08\\u656c\\u79f0\\u7565\\uff09\\t\\u304a\\u540d\\u524d\\uff08\\u3075\\u308a\\u304c\\u306a\\uff09\\t\\u30ab\\u30c6\\u30b4\\u30ea\\u30fc\\t\\u7d39\\u4ecb\\u8005\\t\\u30a2\\u30c6\\u30f3\\u30c9\\t\\u30aa\\u30ea\\u30a8\\u30f3\\t\\u5099\\u8003\",\"raw_line\":\"No. \\u304a\\u540d\\u524d\\uff08\\u656c\\u79f0\\u7565\\uff09\\t\\u304a\\u540d\\u524d\\uff08\\u3075\\u308a\\u304c\\u306a\\uff09\\t\\u30ab\\u30c6\\u30b4\\u30ea\\u30fc\\t\\u7d39\\u4ecb\\u8005\\t\\u30a2\\u30c6\\u30f3\\u30c9\\t\\u30aa\\u30ea\\u30a8\\u30f3\\t\\u5099\\u8003\",\"type_hint\":\"regular\",\"page_type\":\"participants\",\"source_section\":null},{\"name\":\"01\\u5e06\\u82c5\\u3000\\u6709\\u5e0c\\t\\u307b\\u304b\\u308a\\u3000\\u3042\\u304d\\ttoB\\u5411\\u3051\\u30d3\\u30b8\\u30cd\\u30b9\\u30b9\\u30af\\u30fc\\u30eb\\t\\u82b3\\u8cc0\\u3000\\u5d07\\u5229\\t\\u5e73\\u5ca1\\u3000\\u56fd\\u5f66\",\"raw_line\":\"01\\u5e06\\u82c5\\u3000\\u6709\\u5e0c\\t\\u307b\\u304b\\u308a\\u3000\\u3042\\u304d\\ttoB\\u5411\\u3051\\u30d3\\u30b8\\u30cd\\u30b9\\u30b9\\u30af\\u30fc\\u30eb\\t\\u82b3\\u8cc0\\u3000\\u5d07\\u5229\\t\\u5e73\\u5ca1\\u3000\\u56fd\\u5f66\",\"type_hint\":\"visitor\",\"page_type\":\"participants\",\"source_section\":\"visitor\"},{\"name\":\"\\u8239\\u6d25\\u3000\\u9ebb\\u7406\\u5b50\",\"raw_line\":\"\\u8239\\u6d25\\u3000\\u9ebb\\u7406\\u5b50\",\"type_hint\":\"visitor\",\"page_type\":\"participants\",\"source_section\":\"visitor\"},{\"name\":\"\\u4f50\\u85e4\\u3000\\u62d3\\u6597\",\"raw_line\":\"\\u4f50\\u85e4\\u3000\\u62d3\\u6597\",\"type_hint\":\"visitor\",\"page_type\":\"participants\",\"source_section\":\"visitor\"},{\"name\":\"\\u5e73\\u5ca1\\u3000\\u56fd\\u5f66\",\"raw_line\":\"\\u5e73\\u5ca1\\u3000\\u56fd\\u5f66\",\"type_hint\":\"visitor\",\"page_type\":\"participants\",\"source_section\":\"visitor\"},{\"name\":\"02\\u85e4\\u4e95\\u3000\\u5bdb\\u5e78\\t\\u3075\\u3058\\u3044\\u3000\\u3072\\u308d\\u3086\\u304d\\t\\u5065\\u5eb7\\u652f\\u63f4\\u30b5\\u30fc\\u30d3\\u30b9\\t\\u91cc\\u898b\\u3000\\u5141\\u4e8c\\t\\u5ee3\\u7530\\u3000\\u8aa0\\u609f\",\"raw_line\":\"02\\u85e4\\u4e95\\u3000\\u5bdb\\u5e78\\t\\u3075\\u3058\\u3044\\u3000\\u3072\\u308d\\u3086\\u304d\\t\\u5065\\u5eb7\\u652f\\u63f4\\u30b5\\u30fc\\u30d3\\u30b9\\t\\u91cc\\u898b\\u3000\\u5141\\u4e8c\\t\\u5ee3\\u7530\\u3000\\u8aa0\\u609f\",\"type_hint\":\"visitor\",\"page_type\":\"participants\",\"source_section\":\"visitor\"},{\"name\":\"\\u6a2a\\u5c71\\u3000\\u5c1a\\u6b66\",\"raw_line\":\"\\u6a2a\\u5c71\\u3000\\u5c1a\\u6b66\",\"type_hint\":\"visitor\",\"page_type\":\"participants\",\"source_section\":\"visitor\"},{\"name\":\"\\u4eca\\u6751\\u3000\\u5343\\u7d75\",\"raw_line\":\"\\u4eca\\u6751\\u3000\\u5343\\u7d75\",\"type_hint\":\"visitor\",\"page_type\":\"participants\",\"source_section\":\"visitor\"},{\"name\":\"\\u5ee3\\u7530\\u3000\\u8aa0\\u609f\",\"raw_line\":\"\\u5ee3\\u7530\\u3000\\u8aa0\\u609f\",\"type_hint\":\"visitor\",\"page_type\":\"participants\",\"source_section\":\"visitor\"},{\"name\":\"03\\u5f8c\\u85e4\\u3000\\u548c\\u6a39\\t\\u3054\\u3068\\u3046\\u3000\\u304b\\u305a\\u304d\\t\\u30b2\\u30fc\\u30e0\\u30fb\\u30db\\u30d3\\u30fc\\u30fb\\u30e1\\u30c7\\u30a3\\u30a2\\u5c02\\u9580\\u8cb7\\u53d6\\t\\u6e21\\u908a\\u3000\\u771f\\u5927\\t\\u52a0\\u85e4\\u3000\\u9686\\u592a\",\"raw_line\":\"03\\u5f8c\\u85e4\\u3000\\u548c\\u6a39\\t\\u3054\\u3068\\u3046\\u3000\\u304b\\u305a\\u304d\\t\\u30b2\\u30fc\\u30e0\\u30fb\\u30db\\u30d3\\u30fc\\u30fb\\u30e1\\u30c7\\u30a3\\u30a2\\u5c02\\u9580\\u8cb7\\u53d6\\t\\u6e21\\u908a\\u3000\\u771f\\u5927\\t\\u52a0\\u85e4\\u3000\\u9686\\u592a\",\"type_hint\":\"visitor\",\"page_type\":\"participants\",\"source_section\":\"visitor\"},{\"name\":\"\\u5409\\u7530\\u3000\\u4fca\\u4e4b\",\"raw_line\":\"\\u5409\\u7530\\u3000\\u4fca\\u4e4b\",\"type_hint\":\"visitor\",\"page_type\":\"participants\",\"source_section\":\"visitor\"},{\"name\":\"\\u5409\\u7530\\u3000\\u4fca\\u4e4b\",\"raw_line\":\"\\u5409\\u7530\\u3000\\u4fca\\u4e4b\",\"type_hint\":\"visitor\",\"page_type\":\"participants\",\"source_section\":\"visitor\"},{\"name\":\"04\\u4f0a\\u85e4\\u3000\\u525b\\u5fd7\\t\\u3044\\u3068\\u3046\\u3000\\u305f\\u3051\\u3057\\t\\u30cb\\u30c3\\u30c1\\u30ca\\u30f3\\u30d0\\u30fc\\u30ef\\u30f3\\u30d7\\u30ed\\u30c7\\u30e5\\u30fc\\u30b5\\u30fc\\t\\u6e21\\u908a\\u3000\\u771f\\u5927\\t\\u5c0f\\u4e2d\\u3000\\u8cb4\\u6643\",\"raw_line\":\"04\\u4f0a\\u85e4\\u3000\\u525b\\u5fd7\\t\\u3044\\u3068\\u3046\\u3000\\u305f\\u3051\\u3057\\t\\u30cb\\u30c3\\u30c1\\u30ca\\u30f3\\u30d0\\u30fc\\u30ef\\u30f3\\u30d7\\u30ed\\u30c7\\u30e5\\u30fc\\u30b5\\u30fc\\t\\u6e21\\u908a\\u3000\\u771f\\u5927\\t\\u5c0f\\u4e2d\\u3000\\u8cb4\\u6643\",\"type_hint\":\"visitor\",\"page_type\":\"participants\",\"source_section\":\"visitor\"},{\"name\":\"\\u5c71\\u672c\\u3000\\u6d38\\u592a\",\"raw_line\":\"\\u5c71\\u672c\\u3000\\u6d38\\u592a\",\"type_hint\":\"visitor\",\"page_type\":\"participants\",\"source_section\":\"visitor\"},{\"name\":\"\\u7acb\\u5ca1\\u3000\\u6d77\\u4eba\",\"raw_line\":\"\\u7acb\\u5ca1\\u3000\\u6d77\\u4eba\",\"type_hint\":\"visitor\",\"page_type\":\"participants\",\"source_section\":\"visitor\"},{\"name\":\"\\u5c0f\\u4e2d\\u3000\\u8cb4\\u6643\",\"raw_line\":\"\\u5c0f\\u4e2d\\u3000\\u8cb4\\u6643\",\"type_hint\":\"visitor\",\"page_type\":\"participants\",\"source_section\":\"visitor\"},{\"name\":\"\\u5c71\\u672c\\u3000\\u6d38\\u592a\",\"raw_line\":\"\\u5c71\\u672c\\u3000\\u6d38\\u592a\",\"type_hint\":\"visitor\",\"page_type\":\"participants\",\"source_section\":\"visitor\"},{\"name\":\"05\\u798f\\u5c71\\u3000\\u7d50\\u82b1\\t\\u3075\\u304f\\u3084\\u307e\\u3000\\u3086\\u304b\\t\\u9ad8\\u9f62\\u8005\\u5411\\u3051\\u30a2\\u30d7\\u30ea\\t\\u6e21\\u908a\\u3000\\u771f\\u5927\\t\\u6e21\\u908a\\u3000\\u771f\\u5927\",\"raw_line\":\"05\\u798f\\u5c71\\u3000\\u7d50\\u82b1\\t\\u3075\\u304f\\u3084\\u307e\\u3000\\u3086\\u304b\\t\\u9ad8\\u9f62\\u8005\\u5411\\u3051\\u30a2\\u30d7\\u30ea\\t\\u6e21\\u908a\\u3000\\u771f\\u5927\\t\\u6e21\\u908a\\u3000\\u771f\\u5927\",\"type_hint\":\"visitor\",\"page_type\":\"participants\",\"source_section\":\"visitor\"},{\"name\":\"\\u5c71\\u672c\\u3000\\u4e09\\u90a3\\u5b50\",\"raw_line\":\"\\u5c71\\u672c\\u3000\\u4e09\\u90a3\\u5b50\",\"type_hint\":\"visitor\",\"page_type\":\"participants\",\"source_section\":\"visitor\"},{\"name\":\"\\u5927\\u7af9\\u3000\\u7d75\\u7406\\u9999\",\"raw_line\":\"\\u5927\\u7af9\\u3000\\u7d75\\u7406\\u9999\",\"type_hint\":\"visitor\",\"page_type\":\"participants\",\"source_section\":\"visitor\"},{\"name\":\"\\u6e21\\u908a\\u3000\\u771f\\u5927\",\"raw_line\":\"\\u6e21\\u908a\\u3000\\u771f\\u5927\",\"type_hint\":\"visitor\",\"page_type\":\"participants\",\"source_section\":\"visitor\"},{\"name\":\"\\u5c71\\u672c\\u3000\\u4e09\\u90a3\\u5b50\",\"raw_line\":\"\\u5c71\\u672c\\u3000\\u4e09\\u90a3\\u5b50\",\"type_hint\":\"visitor\",\"page_type\":\"participants\",\"source_section\":\"visitor\"},{\"name\":\"06\\u6e21\\u90e8\\u3000\\u771f\\u77e5\\u5b50\\t\\u308f\\u305f\\u3079\\u3000\\u307e\\u3061\\u3053\\t\\u4e0d\\u52d5\\u7523\\u7ba1\\u7406\\u3000\\u6c11\\u6cca\\t\\u6e21\\u908a\\u3000\\u771f\\u5927\\t\\u4e2d\\u6751\\u3000\\u5553\\u543e\",\"raw_line\":\"06\\u6e21\\u90e8\\u3000\\u771f\\u77e5\\u5b50\\t\\u308f\\u305f\\u3079\\u3000\\u307e\\u3061\\u3053\\t\\u4e0d\\u52d5\\u7523\\u7ba1\\u7406\\u3000\\u6c11\\u6cca\\t\\u6e21\\u908a\\u3000\\u771f\\u5927\\t\\u4e2d\\u6751\\u3000\\u5553\\u543e\",\"type_hint\":\"visitor\",\"page_type\":\"participants\",\"source_section\":\"visitor\"},{\"name\":\"\\u6728\\u6751\\u3000\\u5065\\u609f\",\"raw_line\":\"\\u6728\\u6751\\u3000\\u5065\\u609f\",\"type_hint\":\"visitor\",\"page_type\":\"participants\",\"source_section\":\"visitor\"},{\"name\":\"\\u9577\\u8c37\\u5ddd\\u3000\\u8cb4\\u5fd7\",\"raw_line\":\"\\u9577\\u8c37\\u5ddd\\u3000\\u8cb4\\u5fd7\",\"type_hint\":\"visitor\",\"page_type\":\"participants\",\"source_section\":\"visitor\"},{\"name\":\"\\u4e2d\\u6751\\u3000\\u5553\\u543e\",\"raw_line\":\"\\u4e2d\\u6751\\u3000\\u5553\\u543e\",\"type_hint\":\"visitor\",\"page_type\":\"participants\",\"source_section\":\"visitor\"},{\"name\":\"07\\u5409\\u5ddd\\u3000\\u6602\\u4f38\\t\\u3088\\u3057\\u304b\\u308f\\u3000\\u3053\\u3046\\u3057\\u3093\\t\\u53e4\\u7269\\u5546\\t\\u6e21\\u908a\\u3000\\u771f\\u5927\\t\\u8d8a\\u8cc0\\u3000\\u6dd1\\u6075\",\"raw_line\":\"07\\u5409\\u5ddd\\u3000\\u6602\\u4f38\\t\\u3088\\u3057\\u304b\\u308f\\u3000\\u3053\\u3046\\u3057\\u3093\\t\\u53e4\\u7269\\u5546\\t\\u6e21\\u908a\\u3000\\u771f\\u5927\\t\\u8d8a\\u8cc0\\u3000\\u6dd1\\u6075\",\"type_hint\":\"visitor\",\"page_type\":\"participants\",\"source_section\":\"visitor\"},{\"name\":\"\\u69c7\\u6751\\u3000\\u7fd4\\u78e8\",\"raw_line\":\"\\u69c7\\u6751\\u3000\\u7fd4\\u78e8\",\"type_hint\":\"visitor\",\"page_type\":\"participants\",\"source_section\":\"visitor\"},{\"name\":\"\\u8d8a\\u8cc0\\u3000\\u6dd1\\u6075\",\"raw_line\":\"\\u8d8a\\u8cc0\\u3000\\u6dd1\\u6075\",\"type_hint\":\"visitor\",\"page_type\":\"participants\",\"source_section\":\"visitor\"},{\"name\":\"08\\u5b89\\u4fe1\\u3000\\u307f\\u304a\\t\\u3084\\u3059\\u306e\\u3076\\u3000\\u307f\\u304a\\t\\u91d1\\u878d\\u30fb\\u30af\\u30eb\\u30fc\\u30ba\\u4e8b\\u696d\\t\\u6e21\\u908a\\u3000\\u771f\\u5927\\t\\u7af9\\u5185\\u3000\\u99ff\\u592a\",\"raw_line\":\"08\\u5b89\\u4fe1\\u3000\\u307f\\u304a\\t\\u3084\\u3059\\u306e\\u3076\\u3000\\u307f\\u304a\\t\\u91d1\\u878d\\u30fb\\u30af\\u30eb\\u30fc\\u30ba\\u4e8b\\u696d\\t\\u6e21\\u908a\\u3000\\u771f\\u5927\\t\\u7af9\\u5185\\u3000\\u99ff\\u592a\",\"type_hint\":\"visitor\",\"page_type\":\"participants\",\"source_section\":\"visitor\"},{\"name\":\"\\u7d00\\u5ddd\\u3000\\u548c\\u5f18\",\"raw_line\":\"\\u7d00\\u5ddd\\u3000\\u548c\\u5f18\",\"type_hint\":\"visitor\",\"page_type\":\"participants\",\"source_section\":\"visitor\"},{\"name\":\"\\u7af9\\u5185\\u3000\\u99ff\\u592a\",\"raw_line\":\"\\u7af9\\u5185\\u3000\\u99ff\\u592a\",\"type_hint\":\"visitor\",\"page_type\":\"participants\",\"source_section\":\"visitor\"},{\"name\":\"09\\u6dfa\\u5009\\u3000\\u9686\\u5fd7\\t\\u3042\\u3055\\u304f\\u3089\\u3000\\u305f\\u304b\\u3057\\t\\u30d3\\u30e5\\u30fc\\u30c6\\u30a3\\u30fc\\u30d3\\u30ba\\u30b5\\u30ed\\u30f3\\uff08\\u30b3\\u30ef\\u30fc\\u30ad\\u30f3\\u30b0\",\"raw_line\":\"09\\u6dfa\\u5009\\u3000\\u9686\\u5fd7\\t\\u3042\\u3055\\u304f\\u3089\\u3000\\u305f\\u304b\\u3057\\t\\u30d3\\u30e5\\u30fc\\u30c6\\u30a3\\u30fc\\u30d3\\u30ba\\u30b5\\u30ed\\u30f3\\uff08\\u30b3\\u30ef\\u30fc\\u30ad\\u30f3\\u30b0\",\"type_hint\":\"visitor\",\"page_type\":\"participants\",\"source_section\":\"visitor\"},{\"name\":\"\\u30b9\\u30da\\u30fc\\u30b9\\uff06\\u30ec\\u30f3\\u30bf\\u30eb\\u30b5\\u30ed\\u30f3\\u8907\\u5408\\u578b\\u65bd\\u8a2dF\",\"raw_line\":\"\\u30b9\\u30da\\u30fc\\u30b9\\uff06\\u30ec\\u30f3\\u30bf\\u30eb\\u30b5\\u30ed\\u30f3\\u8907\\u5408\\u578b\\u65bd\\u8a2dF\",\"type_hint\":\"visitor\",\"page_type\":\"participants\",\"source_section\":\"visitor\"},{\"name\":\"C\\u672c\\u90e8\\uff09\",\"raw_line\":\"C\\u672c\\u90e8\\uff09\",\"type_hint\":\"visitor\",\"page_type\":\"participants\",\"source_section\":\"visitor\"},{\"name\":\"\\u98ef\\u7530\\u3000\\u5343\\u5e06\\t\\u6d77\\u6cbc\\u3000\\u529f\",\"raw_line\":\"\\u98ef\\u7530\\u3000\\u5343\\u5e06\\t\\u6d77\\u6cbc\\u3000\\u529f\",\"type_hint\":\"visitor\",\"page_type\":\"participants\",\"source_section\":\"visitor\"},{\"name\":\"\\u4f50\\u4e45\\u9593\\u3000\\u5eb7\\u4e1e\",\"raw_line\":\"\\u4f50\\u4e45\\u9593\\u3000\\u5eb7\\u4e1e\",\"type_hint\":\"visitor\",\"page_type\":\"participants\",\"source_section\":\"visitor\"},{\"name\":\"\\u671b\\u6708\\u3000\\u96c5\\u5e78\",\"raw_line\":\"\\u671b\\u6708\\u3000\\u96c5\\u5e78\",\"type_hint\":\"visitor\",\"page_type\":\"participants\",\"source_section\":\"visitor\"},{\"name\":\"\\u6d77\\u6cbc\\u3000\\u529f\",\"raw_line\":\"\\u6d77\\u6cbc\\u3000\\u529f\",\"type_hint\":\"visitor\",\"page_type\":\"participants\",\"source_section\":\"visitor\"},{\"name\":\"10\\u5c71\\u672c\\u3000\\u8449\\u5b50\\t\\u3084\\u307e\\u3082\\u3068\\u3000\\u3088\\u3046\\u3053\\t\\u30d3\\u30b8\\u30cd\\u30b9\\u30ab\\u30fc\\u30c9\\t\\u5897\\u672c\\u3000\\u91cd\\u5b5d\\t\\u5897\\u672c\\u3000\\u91cd\\u5b5d\",\"raw_line\":\"10\\u5c71\\u672c\\u3000\\u8449\\u5b50\\t\\u3084\\u307e\\u3082\\u3068\\u3000\\u3088\\u3046\\u3053\\t\\u30d3\\u30b8\\u30cd\\u30b9\\u30ab\\u30fc\\u30c9\\t\\u5897\\u672c\\u3000\\u91cd\\u5b5d\\t\\u5897\\u672c\\u3000\\u91cd\\u5b5d\",\"type_hint\":\"visitor\",\"page_type\":\"participants\",\"source_section\":\"visitor\"},{\"name\":\"\\u5f8c\\u85e4\\u3000\\u5cb3\\u4e45\",\"raw_line\":\"\\u5f8c\\u85e4\\u3000\\u5cb3\\u4e45\",\"type_hint\":\"visitor\",\"page_type\":\"participants\",\"source_section\":\"visitor\"},{\"name\":\"\\u897f\\u5ca1\\u3000\\u512a\\u5e0c\",\"raw_line\":\"\\u897f\\u5ca1\\u3000\\u512a\\u5e0c\",\"type_hint\":\"visitor\",\"page_type\":\"participants\",\"source_section\":\"visitor\"},{\"name\":\"\\u5897\\u672c\\u3000\\u91cd\\u5b5d\",\"raw_line\":\"\\u5897\\u672c\\u3000\\u91cd\\u5b5d\",\"type_hint\":\"visitor\",\"page_type\":\"participants\",\"source_section\":\"visitor\"},{\"name\":\"11\\u718a\\u8c37\\u3000\\u7d18\\u6a39\\t\\u304f\\u307e\\u304c\\u3044\\u3000\\u3072\\u308d\\u304d\\t\\u5c4b\\u6839\\u5de5\\u4e8b\\u696d\\t\\u7560\\u5c71\\u3000\\u61b2\\u4e4b\\t\\u7560\\u5c71\\u3000\\u61b2\\u4e4b\",\"raw_line\":\"11\\u718a\\u8c37\\u3000\\u7d18\\u6a39\\t\\u304f\\u307e\\u304c\\u3044\\u3000\\u3072\\u308d\\u304d\\t\\u5c4b\\u6839\\u5de5\\u4e8b\\u696d\\t\\u7560\\u5c71\\u3000\\u61b2\\u4e4b\\t\\u7560\\u5c71\\u3000\\u61b2\\u4e4b\",\"type_hint\":\"visitor\",\"page_type\":\"participants\",\"source_section\":\"visitor\"},{\"name\":\"\\u9ad8\\u91ce\\u3000\\u548c\\u7fa9\",\"raw_line\":\"\\u9ad8\\u91ce\\u3000\\u548c\\u7fa9\",\"type_hint\":\"visitor\",\"page_type\":\"participants\",\"source_section\":\"visitor\"},{\"name\":\"\\u798f\\u4e0a\\u3000\\u5927\\u8f1d\",\"raw_line\":\"\\u798f\\u4e0a\\u3000\\u5927\\u8f1d\",\"type_hint\":\"visitor\",\"page_type\":\"participants\",\"source_section\":\"visitor\"},{\"name\":\"\\u7560\\u5c71\\u3000\\u61b2\\u4e4b\",\"raw_line\":\"\\u7560\\u5c71\\u3000\\u61b2\\u4e4b\",\"type_hint\":\"visitor\",\"page_type\":\"participants\",\"source_section\":\"visitor\"},{\"name\":\"12\\u6751\\u4e0a\\u3000\\u5f69\\u5b50\\t\\u3080\\u3089\\u304b\\u307f\\u3000\\u3042\\u3084\\u3053\\t\\u30b5\\u30b9\\u30c6\\u30ca\\u30d3\\u30ea\\u30c6\\u30a3\\u00d7\\u30d1\\u30fc\\u30d1\\u30b9\\u7d4c\\u55b6\\u3000\\u7814\\u4fee\\t\\u6885\\u6fa4\\u3000\\u6717\\u5e83\\t\\u6885\\u6fa4\\u3000\\u6717\\u5e83\",\"raw_line\":\"12\\u6751\\u4e0a\\u3000\\u5f69\\u5b50\\t\\u3080\\u3089\\u304b\\u307f\\u3000\\u3042\\u3084\\u3053\\t\\u30b5\\u30b9\\u30c6\\u30ca\\u30d3\\u30ea\\u30c6\\u30a3\\u00d7\\u30d1\\u30fc\\u30d1\\u30b9\\u7d4c\\u55b6\\u3000\\u7814\\u4fee\\t\\u6885\\u6fa4\\u3000\\u6717\\u5e83\\t\\u6885\\u6fa4\\u3000\\u6717\\u5e83\",\"type_hint\":\"regular\",\"page_type\":\"participants\",\"source_section\":null},{\"name\":\"\\u98ef\\u7530\\u3000\\u5343\\u5e06\",\"raw_line\":\"\\u98ef\\u7530\\u3000\\u5343\\u5e06\",\"type_hint\":\"regular\",\"page_type\":\"participants\",\"source_section\":null},{\"name\":\"\\u5c71\\u53e3\\u3000\\u85ab\",\"raw_line\":\"\\u5c71\\u53e3\\u3000\\u85ab\",\"type_hint\":\"regular\",\"page_type\":\"participants\",\"source_section\":null},{\"name\":\"\\u6885\\u6fa4\\u3000\\u6717\\u5e83\",\"raw_line\":\"\\u6885\\u6fa4\\u3000\\u6717\\u5e83\",\"type_hint\":\"regular\",\"page_type\":\"participants\",\"source_section\":null},{\"name\":\"13\\u8349\\u91ce\\u3000\\u4fee\\u4e00\\t\\u304f\\u3055\\u306e\\u3000\\u3057\\u3085\\u3046\\u3044\\u3061\\t\\u4f10\\u63a1\\u30fb\\u8349\\u5208\\u308a\\t\\u5009\\u6301\\u3000\\u8ce2\\u4e00\\t\\u5009\\u6301\\u3000\\u8ce2\\u4e00\",\"raw_line\":\"13\\u8349\\u91ce\\u3000\\u4fee\\u4e00\\t\\u304f\\u3055\\u306e\\u3000\\u3057\\u3085\\u3046\\u3044\\u3061\\t\\u4f10\\u63a1\\u30fb\\u8349\\u5208\\u308a\\t\\u5009\\u6301\\u3000\\u8ce2\\u4e00\\t\\u5009\\u6301\\u3000\\u8ce2\\u4e00\",\"type_hint\":\"regular\",\"page_type\":\"participants\",\"source_section\":null},{\"name\":\"\\u85e4\\u4e95\\u3000\\u6075\\u7406\\u5b50\",\"raw_line\":\"\\u85e4\\u4e95\\u3000\\u6075\\u7406\\u5b50\",\"type_hint\":\"regular\",\"page_type\":\"participants\",\"source_section\":null},{\"name\":\"\\u7530\\u6e15\\u3000\\u606d\\u5e73\",\"raw_line\":\"\\u7530\\u6e15\\u3000\\u606d\\u5e73\",\"type_hint\":\"regular\",\"page_type\":\"participants\",\"source_section\":null},{\"name\":\"\\u5009\\u6301\\u3000\\u8ce2\\u4e00\",\"raw_line\":\"\\u5009\\u6301\\u3000\\u8ce2\\u4e00\",\"type_hint\":\"regular\",\"page_type\":\"participants\",\"source_section\":null},{\"name\":\"14\\u53ea\\u91ce\\u3000\\u512a\\u5b50\\t\\u305f\\u3060\\u306e\\u3000\\u3086\\u3046\\u3053\\t\\u30d5\\u30a7\\u30e0\\u30b1\\u30a2\\t\\u6e05\\u539f\\u3000\\u4f73\\u5f69\\u7f8e \\u4eca\\u897f\\u3000\\u4fca\\u660e\",\"raw_line\":\"14\\u53ea\\u91ce\\u3000\\u512a\\u5b50\\t\\u305f\\u3060\\u306e\\u3000\\u3086\\u3046\\u3053\\t\\u30d5\\u30a7\\u30e0\\u30b1\\u30a2\\t\\u6e05\\u539f\\u3000\\u4f73\\u5f69\\u7f8e \\u4eca\\u897f\\u3000\\u4fca\\u660e\",\"type_hint\":\"regular\",\"page_type\":\"participants\",\"source_section\":null},{\"name\":\"\\u6e05\\u539f\\u3000\\u4f73\\u5f69\\u7f8e\",\"raw_line\":\"\\u6e05\\u539f\\u3000\\u4f73\\u5f69\\u7f8e\",\"type_hint\":\"regular\",\"page_type\":\"participants\",\"source_section\":null},{\"name\":\"\\u6b21\\u5ee3\\u3000\\u6df3\",\"raw_line\":\"\\u6b21\\u5ee3\\u3000\\u6df3\",\"type_hint\":\"regular\",\"page_type\":\"participants\",\"source_section\":null},{\"name\":\"\\u4eca\\u897f\\u3000\\u4fca\\u660e\",\"raw_line\":\"\\u4eca\\u897f\\u3000\\u4fca\\u660e\",\"type_hint\":\"regular\",\"page_type\":\"participants\",\"source_section\":null},{\"name\":\"\\u6e05\\u539f\\u3000\\u4f73\\u5f69\\u7f8e\",\"raw_line\":\"\\u6e05\\u539f\\u3000\\u4f73\\u5f69\\u7f8e\",\"type_hint\":\"regular\",\"page_type\":\"participants\",\"source_section\":null},{\"name\":\"15\\u6728\\u6751\\u3000\\u7be4\\u6a39\\t\\u304d\\u3080\\u3089\\u3000\\u3042\\u3064\\u304d\\t\\u73c8\\u7432\\u8c46\\u306e\\u300c\\u98df\\u3079\\u308b\\u8cc7\\u6e90\\u5316\\u300d\\u30af\\u30e9\\u30a6\\u30c9\\u30d5\\u30a1\",\"raw_line\":\"15\\u6728\\u6751\\u3000\\u7be4\\u6a39\\t\\u304d\\u3080\\u3089\\u3000\\u3042\\u3064\\u304d\\t\\u73c8\\u7432\\u8c46\\u306e\\u300c\\u98df\\u3079\\u308b\\u8cc7\\u6e90\\u5316\\u300d\\u30af\\u30e9\\u30a6\\u30c9\\u30d5\\u30a1\",\"type_hint\":\"regular\",\"page_type\":\"participants\",\"source_section\":null},{\"name\":\"\\u30f3\\u30c7\\u30a3\\u30f3\\u30b0\",\"raw_line\":\"\\u30f3\\u30c7\\u30a3\\u30f3\\u30b0\",\"type_hint\":\"regular\",\"page_type\":\"participants\",\"source_section\":null},{\"name\":\"\\u6885\\u6fa4\\u3000\\u6717\\u5e83\\t\\u91cc\\u898b\\u3000\\u5141\\u4e8c\",\"raw_line\":\"\\u6885\\u6fa4\\u3000\\u6717\\u5e83\\t\\u91cc\\u898b\\u3000\\u5141\\u4e8c\",\"type_hint\":\"regular\",\"page_type\":\"participants\",\"source_section\":null},{\"name\":\"\\u98ef\\u7530\\u3000\\u9999\",\"raw_line\":\"\\u98ef\\u7530\\u3000\\u9999\",\"type_hint\":\"regular\",\"page_type\":\"participants\",\"source_section\":null},{\"name\":\"\\u91cc\\u898b\\u3000\\u5141\\u4e8c\",\"raw_line\":\"\\u91cc\\u898b\\u3000\\u5141\\u4e8c\",\"type_hint\":\"regular\",\"page_type\":\"participants\",\"source_section\":null},{\"name\":\"01\\u897f\\u91ce\\u5165\\u3000\\u76f4\\u8f1d\\t\\u306b\\u3057\\u306e\\u3044\\u308a\\u3000\\u306a\\u304a\\u304d\\t\\u30b7\\u30f3\\u30b0\\u30eb\\u30de\\u30b6\\u30fc\\u5c02\\u9580\\u4e8b\\u696d\\u30b3\\u30f3\\u30b7\\u30a7\\u30eb\\u30b8\\u30e5\\t\\u5e73\\u5c71\\u3000\\u771f\\u7531\\u7f8e\",\"raw_line\":\"01\\u897f\\u91ce\\u5165\\u3000\\u76f4\\u8f1d\\t\\u306b\\u3057\\u306e\\u3044\\u308a\\u3000\\u306a\\u304a\\u304d\\t\\u30b7\\u30f3\\u30b0\\u30eb\\u30de\\u30b6\\u30fc\\u5c02\\u9580\\u4e8b\\u696d\\u30b3\\u30f3\\u30b7\\u30a7\\u30eb\\u30b8\\u30e5\\t\\u5e73\\u5c71\\u3000\\u771f\\u7531\\u7f8e\",\"type_hint\":\"proxy\",\"page_type\":\"participants\",\"source_section\":\"proxy\"},{\"name\":\"02\\u5c0f\\u67f3\\u3000\\u771f\\u7406\\u5b50\\t\\u3053\\u3084\\u306a\\u304e\\u3000\\u307e\\u308a\\u3053\\t\\u30a8\\u30a2\\u30ed\\u30b2\\u30eb\\u900f\\u660e\\u65ad\\u71b1\\u30d5\\u30a3\\u30eb\\u30e0\\t\\u677e\\u5009\\u3000\\u5065\\u6cbb\",\"raw_line\":\"02\\u5c0f\\u67f3\\u3000\\u771f\\u7406\\u5b50\\t\\u3053\\u3084\\u306a\\u304e\\u3000\\u307e\\u308a\\u3053\\t\\u30a8\\u30a2\\u30ed\\u30b2\\u30eb\\u900f\\u660e\\u65ad\\u71b1\\u30d5\\u30a3\\u30eb\\u30e0\\t\\u677e\\u5009\\u3000\\u5065\\u6cbb\",\"type_hint\":\"proxy\",\"page_type\":\"participants\",\"source_section\":\"proxy\"},{\"name\":\"03\\u5ca1\\u6751\\u3000\\u5065\\u7f8e\\t\\u304a\\u304b\\u3080\\u3089\\u3000\\u305f\\u3051\\u307f\\t\\u30d5\\u30a1\\u30a4\\u30f3\\u30d0\\u30d6\\u30eb\\uff08\\u4f4f\\u5b85\\u8a2d\\u5099\\u6a5f\\u5668\\uff09\\u8ca9\\u58f2\\t\\u592a\\u7530 \\u3000\\u4e00\\u8aa0\",\"raw_line\":\"03\\u5ca1\\u6751\\u3000\\u5065\\u7f8e\\t\\u304a\\u304b\\u3080\\u3089\\u3000\\u305f\\u3051\\u307f\\t\\u30d5\\u30a1\\u30a4\\u30f3\\u30d0\\u30d6\\u30eb\\uff08\\u4f4f\\u5b85\\u8a2d\\u5099\\u6a5f\\u5668\\uff09\\u8ca9\\u58f2\\t\\u592a\\u7530 \\u3000\\u4e00\\u8aa0\",\"type_hint\":\"proxy\",\"page_type\":\"participants\",\"source_section\":\"proxy\"},{\"name\":\"01\\u677e\\u5c45\\u3000\\u5916\\u5fd7\\u7f8e\\t\\u307e\\u3064\\u3044\\u3000\\u3068\\u3057\\u307f\\t\\u5fdc\\u7528\\u8133\\u79d1\\u5b66\\u3092\\u4f7f\\u3063\\u305f\\u4f01\\u696d\\u7814\\u4fee\\u8b1b\\u5e2b\\t\\u8229\\u6749\\u3000\\u7267\\u5b50\\t\\u8229\\u6749\\u3000\\u7267\\u5b50\",\"raw_line\":\"01\\u677e\\u5c45\\u3000\\u5916\\u5fd7\\u7f8e\\t\\u307e\\u3064\\u3044\\u3000\\u3068\\u3057\\u307f\\t\\u5fdc\\u7528\\u8133\\u79d1\\u5b66\\u3092\\u4f7f\\u3063\\u305f\\u4f01\\u696d\\u7814\\u4fee\\u8b1b\\u5e2b\\t\\u8229\\u6749\\u3000\\u7267\\u5b50\\t\\u8229\\u6749\\u3000\\u7267\\u5b50\",\"type_hint\":\"guest\",\"page_type\":\"participants\",\"source_section\":\"guest\"},{\"name\":\"\\u82b3\\u8cc0\\u3000\\u5d07\\u5229\",\"raw_line\":\"\\u82b3\\u8cc0\\u3000\\u5d07\\u5229\",\"type_hint\":\"guest\",\"page_type\":\"participants\",\"source_section\":\"guest\"},{\"name\":\"\\u8ecd\\u53f8\\u3000\\u6566\\u54c9\",\"raw_line\":\"\\u8ecd\\u53f8\\u3000\\u6566\\u54c9\",\"type_hint\":\"guest\",\"page_type\":\"participants\",\"source_section\":\"guest\"},{\"name\":\"\\u8229\\u6749\\u3000\\u7267\\u5b50\",\"raw_line\":\"\\u8229\\u6749\\u3000\\u7267\\u5b50\",\"type_hint\":\"guest\",\"page_type\":\"participants\",\"source_section\":\"guest\"},{\"name\":\"02\\u516b\\u6728\\u3000\\u9686\\u660e\\t\\u3084\\u304e\\u3000\\u305f\\u304b\\u3042\\u304d\\t\\u7740\\u7269\\u76e3\\u4fee\\u5bb6\\/\\u518d\\u751f\\u30fb\\u30aa\\u30fc\\u30c0\\u30fc\\u30c7\\u30a3\\u30ec\\u30af\\u30bf\\u30fc\\t\\u6e21\\u908a\\u3000\\u771f\\u5927\\t\\u5ca1\\u5143\\u3000\\u667a\\u7f8e\",\"raw_line\":\"02\\u516b\\u6728\\u3000\\u9686\\u660e\\t\\u3084\\u304e\\u3000\\u305f\\u304b\\u3042\\u304d\\t\\u7740\\u7269\\u76e3\\u4fee\\u5bb6\\/\\u518d\\u751f\\u30fb\\u30aa\\u30fc\\u30c0\\u30fc\\u30c7\\u30a3\\u30ec\\u30af\\u30bf\\u30fc\\t\\u6e21\\u908a\\u3000\\u771f\\u5927\\t\\u5ca1\\u5143\\u3000\\u667a\\u7f8e\",\"type_hint\":\"guest\",\"page_type\":\"participants\",\"source_section\":\"guest\"},{\"name\":\"\\u798f\\u58eb\\u3000\\u5229\\u660e\",\"raw_line\":\"\\u798f\\u58eb\\u3000\\u5229\\u660e\",\"type_hint\":\"guest\",\"page_type\":\"participants\",\"source_section\":\"guest\"},{\"name\":\"\\u5ca1\\u5143\\u3000\\u667a\\u7f8e\",\"raw_line\":\"\\u5ca1\\u5143\\u3000\\u667a\\u7f8e\",\"type_hint\":\"guest\",\"page_type\":\"participants\",\"source_section\":\"guest\"}],\"meta\":{\"pages\":[{\"page\":1,\"type\":\"ignore\"},{\"page\":2,\"type\":\"members\"},{\"page\":3,\"type\":\"ignore\"},{\"page\":4,\"type\":\"ignore\"},{\"page\":5,\"type\":\"ignore\"},{\"page\":6,\"type\":\"participants\"},{\"page\":7,\"type\":\"participants\"}],\"line_count\":136,\"parser_version\":2}}', NULL, NULL, '2026-03-17 13:10:31', '2026-03-18 07:45:49'),
(2, 2, 'meeting_participant_imports/2/55994a3d-f0ff-4506-881f-bfdb8a9c52d4.pdf', 'メンバーリスト20260310.pdf', 'uploaded', NULL, 'pending', NULL, NULL, NULL, NULL, '2026-03-17 13:15:17', '2026-03-17 13:15:17'),
(3, 1, 'meeting_participant_imports/1/0f6efae7-5734-45b4-87ee-06129f8453a9.pdf', '定例会参加者リスト2026_03_03-1.pdf', 'uploaded', NULL, 'pending', NULL, NULL, NULL, NULL, '2026-03-17 13:16:46', '2026-03-17 13:16:46'),
(4, 6, 'meeting_participant_imports/6/0ab98c6d-6d6c-44a5-8cf5-0c5d8f3fb58f.pdf', '定例会参加者リスト0331.pdf', 'uploaded', NULL, 'pending', NULL, NULL, NULL, NULL, '2026-03-30 23:59:58', '2026-03-30 23:59:58');

-- --------------------------------------------------------

--
-- テーブルの構造 `members`
--

CREATE TABLE `members` (
  `id` bigint(20) UNSIGNED NOT NULL,
  `name` varchar(255) NOT NULL,
  `name_kana` varchar(255) DEFAULT NULL,
  `category_id` bigint(20) UNSIGNED DEFAULT NULL,
  `workspace_id` bigint(20) UNSIGNED DEFAULT NULL,
  `type` varchar(20) NOT NULL,
  `display_no` varchar(20) DEFAULT NULL,
  `ncast_profile_url` varchar(2048) DEFAULT NULL,
  `weekly_presentation_body` text DEFAULT NULL,
  `introducer_member_id` bigint(20) UNSIGNED DEFAULT NULL,
  `attendant_member_id` bigint(20) UNSIGNED DEFAULT NULL,
  `created_at` timestamp NULL DEFAULT NULL,
  `updated_at` timestamp NULL DEFAULT NULL
) ENGINE=InnoDB DEFAULT CHARSET=utf8mb4 COLLATE=utf8mb4_unicode_ci;

--
-- テーブルのデータのダンプ `members`
--

INSERT INTO `members` (`id`, `name`, `name_kana`, `category_id`, `workspace_id`, `type`, `display_no`, `ncast_profile_url`, `weekly_presentation_body`, `introducer_member_id`, `attendant_member_id`, `created_at`, `updated_at`) VALUES
(1, '平岡　国彦', 'ひらおか　くにひこ', 21, 1, 'member', '1', NULL, NULL, NULL, NULL, '2026-03-03 00:34:23', '2026-03-16 23:42:36'),
(2, '増本　重孝', 'ますもと　しげたか', 77, 1, 'member', '2', NULL, NULL, NULL, NULL, '2026-03-03 00:34:23', '2026-03-16 23:42:37'),
(3, '長谷川　貴志', 'はせがわ　たかし', 78, 1, 'member', '3', NULL, NULL, NULL, NULL, '2026-03-03 00:34:23', '2026-03-16 23:42:37'),
(4, '松倉　健治', 'まつくら　けんじ', 79, 1, 'member', '4', NULL, NULL, NULL, NULL, '2026-03-03 00:34:23', '2026-03-16 23:42:37'),
(5, '福上　大輝', 'ふくがみ　たいき', 80, 1, 'member', '5', NULL, NULL, NULL, NULL, '2026-03-03 00:34:23', '2026-03-16 23:42:37'),
(6, '太田　一誠', 'おおた　いっせい', 81, 1, 'member', '6', NULL, NULL, NULL, NULL, '2026-03-03 00:34:23', '2026-03-16 23:42:37'),
(7, '高野　和義', 'たかの　かずよし', 82, 1, 'member', '7', NULL, NULL, NULL, NULL, '2026-03-03 00:34:23', '2026-03-16 23:42:37'),
(8, '福士　利明', 'ふくし　としあき', 83, 1, 'member', '8', NULL, NULL, NULL, NULL, '2026-03-03 00:34:23', '2026-03-16 23:42:37'),
(9, '後藤　岳久', 'ごとう　たけひさ', 84, 1, 'member', '9', NULL, NULL, NULL, NULL, '2026-03-03 00:34:23', '2026-03-16 23:42:37'),
(10, '中村　啓吾', 'なかむら　けいご', 165, 1, 'member', '10', NULL, NULL, NULL, NULL, '2026-03-03 00:34:23', '2026-04-07 00:04:59'),
(11, '倉持　賢一', 'くらもち　けんいち', 85, 1, 'member', '11', NULL, NULL, NULL, NULL, '2026-03-03 00:34:23', '2026-04-07 00:04:59'),
(12, '岡元　智美', 'おかもと　ともみ', 86, 1, 'member', '12', NULL, NULL, NULL, NULL, '2026-03-03 00:34:23', '2026-04-07 00:04:59'),
(13, '西浦　雅', 'にしうら　みやび', 87, 1, 'member', '13', NULL, NULL, NULL, NULL, '2026-03-03 00:34:23', '2026-04-07 00:04:59'),
(14, '芳賀　崇利', 'はが　たかとし', 88, 1, 'member', '14', NULL, NULL, NULL, NULL, '2026-03-03 00:34:23', '2026-04-07 00:04:59'),
(15, '西岡　優希', 'にしおか　ゆうき', 89, 1, 'member', '15', NULL, NULL, NULL, NULL, '2026-03-03 00:34:23', '2026-04-07 00:04:59'),
(16, '横山　尚武', 'よこやま　なおむ', 90, 1, 'member', '16', NULL, NULL, NULL, NULL, '2026-03-03 00:34:23', '2026-04-07 00:04:59'),
(17, 'Rii', 'りー', 91, 1, 'member', '17', NULL, NULL, NULL, NULL, '2026-03-03 00:34:23', '2026-04-07 00:04:59'),
(18, '佐藤　拓斗', 'さとう　たくと', 92, 1, 'member', '18', NULL, NULL, NULL, NULL, '2026-03-03 00:34:23', '2026-04-07 00:04:59'),
(19, '原田　里織', 'はらだ　さおり', 166, 1, 'member', '19', NULL, NULL, NULL, NULL, '2026-03-03 00:34:23', '2026-04-07 00:04:59'),
(20, '平山　真由美', 'ひらやま　まゆみ', 93, 1, 'member', '20', NULL, NULL, NULL, NULL, '2026-03-03 00:34:23', '2026-04-07 00:04:59'),
(21, '舩杉　牧子', 'ふなすぎ　まきこ', 40, 1, 'member', '21', NULL, NULL, NULL, NULL, '2026-03-03 00:34:23', '2026-04-07 00:04:59'),
(22, '渡邊　真大', 'わたなべ　まお', 95, 1, 'member', '22', NULL, NULL, NULL, NULL, '2026-03-03 00:34:23', '2026-04-07 00:04:59'),
(23, '大竹　絵理香', 'おおたけ　えりか', 96, 1, 'member', '23', NULL, NULL, NULL, NULL, '2026-03-03 00:34:23', '2026-04-07 00:04:59'),
(24, '山口　薫', 'やまぐち　かおる', 97, 1, 'member', '24', NULL, NULL, NULL, NULL, '2026-03-03 00:34:23', '2026-04-07 00:04:59'),
(25, '海沼　功', 'かいぬま　いさお', 98, 1, 'member', '25', NULL, NULL, NULL, NULL, '2026-03-03 00:34:23', '2026-04-07 00:04:59'),
(26, '紀川　和弘', 'きかわ　かずひろ', 99, 1, 'member', '26', NULL, NULL, NULL, NULL, '2026-03-03 00:34:23', '2026-04-07 00:04:59'),
(27, '竹内　駿太', 'たけうち　しゅんた', 100, 1, 'member', '27', NULL, NULL, NULL, NULL, '2026-03-03 00:34:23', '2026-04-07 00:04:59'),
(28, '梅澤　朗広', 'うめざわ　あきひろ', 101, 1, 'member', '28', NULL, NULL, NULL, NULL, '2026-03-03 00:34:23', '2026-04-07 00:04:59'),
(29, '加藤　隆太', 'かとう　りゅうた', 102, 1, 'member', '29', NULL, NULL, NULL, NULL, '2026-03-03 00:34:23', '2026-04-07 00:04:59'),
(30, '越賀　淑恵', 'こしが　としえ', 103, 1, 'member', '30', NULL, NULL, NULL, NULL, '2026-03-03 00:34:23', '2026-04-07 00:04:59'),
(31, '望月　雅幸', 'もちづき　まさゆき', 105, 1, 'member', '31', NULL, NULL, NULL, NULL, '2026-03-03 00:34:23', '2026-03-16 23:42:37'),
(32, '佐久間　康丞', 'さくま　こうすけ', 106, 1, 'member', '32', NULL, NULL, NULL, NULL, '2026-03-03 00:34:23', '2026-03-16 23:42:37'),
(33, '斎藤　和貴', 'さいとうかずき', 107, 1, 'member', '33', NULL, NULL, NULL, NULL, '2026-03-03 00:34:23', '2026-03-16 23:42:37'),
(34, '小中　貴晃', 'こなか　たかあき', 108, 1, 'member', '34', NULL, NULL, NULL, NULL, '2026-03-03 00:34:23', '2026-03-16 23:42:37'),
(35, '山本　洸太', 'やまもと　こうた', 109, 1, 'member', '35', NULL, NULL, NULL, NULL, '2026-03-03 00:34:23', '2026-03-16 23:42:37'),
(36, '軍司　敦哉', 'ぐんじ　あつや', 110, 1, 'member', '36', NULL, NULL, NULL, NULL, '2026-03-03 00:34:23', '2026-03-16 23:42:37'),
(37, '次廣　淳', 'つぎひろ　あつし', 149, 1, 'member', '37', NULL, 'AI業務改善システム構築の次廣です。\n時間を生み出すSEです。\n\nExcel・手作業・二重入力。\nそういった業務をAIと協業しながら分解して、最適な仕組みを作ります。\n\n現場は変えない。でも、気づいたら時間が生まれている。\n\nExcel管理が限界になってきた会社をご紹介ください。\n\nAI業務改善システム構築の次廣でした。', NULL, NULL, '2026-03-03 00:34:23', '2026-04-07 02:41:37'),
(38, '吉田　俊之', 'よしだとしゆき', 111, 1, 'member', '38', NULL, NULL, NULL, NULL, '2026-03-03 00:34:23', '2026-03-23 12:34:34'),
(39, '里見　允二', 'さとみ　まさつぐ', 112, 1, 'member', '39', NULL, NULL, NULL, NULL, '2026-03-03 00:34:23', '2026-03-16 23:42:37'),
(40, '畠山　憲之', 'はたけやま　のりゆき', 113, 1, 'member', '40', NULL, NULL, NULL, NULL, '2026-03-03 00:34:23', '2026-03-16 23:42:37'),
(41, '今西　俊明', 'いまにし　としあき', 114, 1, 'member', '41', NULL, NULL, NULL, NULL, '2026-03-03 00:34:23', '2026-03-16 23:42:37'),
(42, '廣田　誠悟', 'ひろた　せいご', 115, 1, 'member', '42', NULL, NULL, NULL, NULL, '2026-03-03 00:34:23', '2026-03-16 23:42:37'),
(43, '田渕　恭平', 'たぶち　きょうへい', 116, 1, 'member', '43', NULL, NULL, NULL, NULL, '2026-03-03 00:34:23', '2026-03-16 23:42:37'),
(44, '木村　健悟', 'きむら　けんご', 117, 1, 'member', '44', NULL, NULL, NULL, NULL, '2026-03-03 00:34:23', '2026-03-16 23:42:37'),
(45, '立岡　海人', 'たつおか　かいと', 118, 1, 'member', '45', NULL, NULL, NULL, NULL, '2026-03-03 00:34:23', '2026-03-16 23:42:37'),
(46, '藤井　恵理子', 'ふじい　えりこ', 120, 1, 'member', '46', NULL, NULL, NULL, NULL, '2026-03-03 00:34:23', '2026-04-07 00:04:59'),
(47, '今村　千絵', 'いまむら　ちえ', 121, 1, 'member', '47', NULL, NULL, NULL, NULL, '2026-03-03 00:34:23', '2026-04-07 00:04:59'),
(48, '清原　佳彩美', 'きよはら　かさみ', 122, 1, 'member', '48', NULL, NULL, NULL, NULL, '2026-03-03 00:34:23', '2026-04-07 00:04:59'),
(49, '船津　麻理子', 'ふなつ　まりこ', 123, 1, 'member', '49', NULL, NULL, NULL, NULL, '2026-03-03 00:34:23', '2026-04-07 00:04:59'),
(50, '飯田　千帆', 'いいだ　ちほ', 124, 1, 'member', '50', NULL, NULL, NULL, NULL, '2026-03-03 00:34:23', '2026-04-07 00:04:59'),
(51, '飯田　香', 'いいだ　かおり', 125, 1, 'member', '51', NULL, NULL, NULL, NULL, '2026-03-03 00:34:23', '2026-04-07 00:04:59'),
(52, '野口　裕子', 'のぐち　ゆうこ', 154, 1, 'member', '52', NULL, NULL, NULL, NULL, '2026-03-03 00:34:23', '2026-04-07 00:04:59'),
(53, '藤田　磨紀', 'ふじた　まき', 126, 1, 'member', '53', NULL, NULL, NULL, NULL, '2026-03-03 00:34:23', '2026-04-07 00:04:59'),
(54, '山崎　勇一', 'やまざき　ゆういち', 127, 1, 'member', '54', NULL, NULL, NULL, NULL, '2026-03-03 00:34:23', '2026-04-07 00:04:59'),
(55, '田中　彩乃', 'たなか　あやの', 167, 1, 'visitor', 'V1', NULL, NULL, 6, NULL, '2026-03-03 00:34:23', '2026-04-07 00:04:59'),
(56, '石井　達也', 'いしい　たつや', 168, 1, 'visitor', 'V2', NULL, NULL, 13, NULL, '2026-03-03 00:34:23', '2026-04-07 00:04:59'),
(57, '久保　国輝', 'くぼ　くにてる', 169, 1, 'visitor', 'V3', NULL, NULL, 12, NULL, '2026-03-03 00:34:23', '2026-04-07 00:04:59'),
(58, '毛利　美菜子', 'もうり　みなこ', 170, 1, 'visitor', 'V4', NULL, NULL, 48, NULL, '2026-03-03 00:34:23', '2026-04-07 00:04:59'),
(59, '中谷　亮太', 'なかたに　りょうた', 171, 1, 'visitor', 'V5', NULL, NULL, 12, NULL, '2026-03-03 00:34:23', '2026-04-07 00:04:59'),
(60, '後藤　大輔', 'ごとう　だいすけ', 182, 1, 'guest', 'G1', NULL, NULL, 46, NULL, '2026-03-03 00:34:23', '2026-04-07 00:04:59'),
(61, '小沼　広美', 'おぬま　ひろみ', 183, 1, 'guest', 'G2', NULL, NULL, 20, NULL, '2026-03-03 00:34:23', '2026-04-07 00:04:59'),
(62, '京極　祥平', 'きょうごく　しょうへい', 184, 1, 'guest', 'G3', NULL, NULL, 13, NULL, '2026-03-03 00:34:23', '2026-04-07 00:04:59'),
(63, '久米　加代子', 'くめ　かよこ', 163, 1, 'guest', 'G4', NULL, NULL, 40, NULL, '2026-03-03 00:34:23', '2026-04-07 00:04:59'),
(64, '宮地　賀央里', 'みやじ　かおり', 161, 1, 'guest', 'P1', NULL, NULL, 17, NULL, '2026-03-10 00:40:14', '2026-03-31 00:09:20'),
(65, '木下　馨', 'きのした　かおる', 128, 1, 'member', '55', NULL, NULL, NULL, NULL, '2026-03-16 23:42:37', '2026-04-07 00:04:59'),
(66, '坂田　晃一', 'さかた　こういち', 172, 1, 'visitor', 'V6', NULL, NULL, 14, NULL, '2026-03-16 23:42:37', '2026-04-07 00:04:59'),
(67, '米澤　侑桂', 'よねざわ　ゆか', 160, 1, 'visitor', 'V7', NULL, NULL, 13, NULL, '2026-03-16 23:42:37', '2026-04-07 00:04:59'),
(68, '八木　創', 'やぎ　そう', 173, 1, 'visitor', 'V8', NULL, NULL, 13, NULL, '2026-03-16 23:42:37', '2026-04-07 00:04:59'),
(69, '山梨　麗', 'やまなし　れい', 174, 1, 'visitor', 'V9', NULL, NULL, 13, NULL, '2026-03-16 23:42:37', '2026-04-07 00:04:59'),
(70, '進士　輝', 'しんじ　ひかり', 175, 1, 'visitor', 'V10', NULL, NULL, 13, NULL, '2026-03-16 23:42:37', '2026-04-07 00:04:59'),
(71, '澤野　真依子', 'さわの　まいこ', 176, 1, 'visitor', 'V11', NULL, NULL, 35, NULL, '2026-03-16 23:42:37', '2026-04-07 00:04:59'),
(72, '塩川　丈二', 'しおかわ　じょうじ', 177, 1, 'visitor', 'V12', NULL, NULL, 35, NULL, '2026-03-16 23:42:37', '2026-04-07 00:04:59'),
(73, '北村　直也', 'きたむら　なおや', 177, 1, 'visitor', 'V13', NULL, NULL, 35, NULL, '2026-03-16 23:42:37', '2026-04-07 00:04:59'),
(74, '野長瀬　悠', 'のながせ　はるか', 178, 1, 'visitor', 'V14', NULL, NULL, 35, NULL, '2026-03-16 23:42:37', '2026-04-07 00:04:59'),
(75, '浜村　賢', 'はまむら　けん', 179, 1, 'visitor', 'V15', NULL, NULL, 35, NULL, '2026-03-16 23:42:37', '2026-04-07 00:04:59'),
(76, '二瓶　紗樹', 'にへい　さき', 162, 1, 'guest', 'P2', NULL, NULL, 27, NULL, '2026-03-16 23:42:37', '2026-03-31 00:09:20'),
(77, '岡村　健美', 'おかむら　たけみ', 146, 1, 'guest', 'P3', NULL, NULL, 6, NULL, '2026-03-16 23:42:37', '2026-03-16 23:42:37'),
(78, '木下　馨', 'きのした　かおる', 128, 1, 'member', '56', NULL, NULL, NULL, NULL, '2026-03-31 00:09:20', '2026-03-31 00:09:20'),
(79, '渡邉　飛鳥', 'わたなべ　あすか', 180, NULL, 'visitor', 'V16', NULL, NULL, 35, NULL, '2026-04-07 00:04:59', '2026-04-07 00:04:59'),
(80, '山下　一樹', 'やました　かずき', 181, NULL, 'visitor', 'V17', NULL, NULL, 13, NULL, '2026-04-07 00:04:59', '2026-04-07 00:04:59');

-- --------------------------------------------------------

--
-- テーブルの構造 `member_roles`
--

CREATE TABLE `member_roles` (
  `id` bigint(20) UNSIGNED NOT NULL,
  `member_id` bigint(20) UNSIGNED NOT NULL,
  `role_id` bigint(20) UNSIGNED NOT NULL,
  `term_start` date DEFAULT NULL,
  `term_end` date DEFAULT NULL,
  `created_at` timestamp NULL DEFAULT NULL,
  `updated_at` timestamp NULL DEFAULT NULL
) ENGINE=InnoDB DEFAULT CHARSET=utf8mb4 COLLATE=utf8mb4_unicode_ci;

--
-- テーブルのデータのダンプ `member_roles`
--

INSERT INTO `member_roles` (`id`, `member_id`, `role_id`, `term_start`, `term_end`, `created_at`, `updated_at`) VALUES
(1, 2, 1, '2026-03-05', '2026-03-10', '2026-03-05 01:49:21', '2026-03-10 00:40:14'),
(2, 3, 2, '2026-03-05', '2026-03-10', '2026-03-05 01:49:21', '2026-03-10 00:40:14'),
(3, 4, 3, '2026-03-05', '2026-03-10', '2026-03-05 01:49:21', '2026-03-10 00:40:14'),
(4, 5, 4, '2026-03-05', '2026-03-10', '2026-03-05 01:49:21', '2026-03-10 00:40:14'),
(5, 8, 5, '2026-03-05', '2026-03-10', '2026-03-05 01:49:21', '2026-03-10 00:40:14'),
(6, 9, 6, '2026-03-05', '2026-03-10', '2026-03-05 01:49:21', '2026-03-10 00:40:14'),
(7, 10, 7, '2026-03-05', '2026-03-10', '2026-03-05 01:49:21', '2026-03-10 00:40:14'),
(8, 11, 8, '2026-03-05', '2026-03-10', '2026-03-05 01:49:21', '2026-03-10 00:40:14'),
(9, 12, 9, '2026-03-05', '2026-03-10', '2026-03-05 01:49:21', '2026-03-10 00:40:14'),
(10, 13, 10, '2026-03-05', '2026-03-10', '2026-03-05 01:49:21', '2026-03-10 00:40:14'),
(11, 18, 11, '2026-03-05', '2026-03-10', '2026-03-05 01:49:21', '2026-03-10 00:40:14'),
(12, 19, 12, '2026-03-05', '2026-03-10', '2026-03-05 01:49:21', '2026-03-10 00:40:14'),
(13, 20, 13, '2026-03-05', '2026-03-10', '2026-03-05 01:49:21', '2026-03-10 00:40:14'),
(14, 21, 7, '2026-03-05', '2026-03-10', '2026-03-05 01:49:21', '2026-03-10 00:40:14'),
(15, 22, 12, '2026-03-05', '2026-03-10', '2026-03-05 01:49:21', '2026-03-10 00:40:14'),
(16, 24, 12, '2026-03-05', '2026-03-10', '2026-03-05 01:49:21', '2026-03-10 00:40:14'),
(17, 25, 14, '2026-03-05', '2026-03-10', '2026-03-05 01:49:21', '2026-03-10 00:40:14'),
(18, 26, 15, '2026-03-05', '2026-03-10', '2026-03-05 01:49:21', '2026-03-10 00:40:14'),
(19, 27, 16, '2026-03-05', '2026-03-10', '2026-03-05 01:49:21', '2026-03-10 00:40:14'),
(20, 28, 12, '2026-03-05', '2026-03-10', '2026-03-05 01:49:21', '2026-03-10 00:40:14'),
(21, 29, 14, '2026-03-05', '2026-03-10', '2026-03-05 01:49:21', '2026-03-10 00:40:14'),
(22, 30, 17, '2026-03-05', '2026-03-10', '2026-03-05 01:49:21', '2026-03-10 00:40:14'),
(23, 32, 18, '2026-03-05', '2026-03-10', '2026-03-05 01:49:21', '2026-03-10 00:40:14'),
(24, 33, 19, '2026-03-05', '2026-03-10', '2026-03-05 01:49:21', '2026-03-10 00:40:14'),
(25, 34, 20, '2026-03-05', '2026-03-10', '2026-03-05 01:49:21', '2026-03-10 00:40:14'),
(26, 36, 12, '2026-03-05', '2026-03-10', '2026-03-05 01:49:21', '2026-03-10 00:40:14'),
(27, 37, 21, '2026-03-05', '2026-03-10', '2026-03-05 01:49:21', '2026-03-10 00:40:14'),
(28, 38, 22, '2026-03-05', '2026-03-10', '2026-03-05 01:49:21', '2026-03-10 00:40:14'),
(29, 39, 14, '2026-03-05', '2026-03-10', '2026-03-05 01:49:21', '2026-03-10 00:40:14'),
(30, 40, 14, '2026-03-05', '2026-03-10', '2026-03-05 01:49:21', '2026-03-10 00:40:14'),
(31, 42, 23, '2026-03-05', '2026-03-10', '2026-03-05 01:49:21', '2026-03-10 00:40:14'),
(32, 43, 16, '2026-03-05', '2026-03-10', '2026-03-05 01:49:21', '2026-03-10 00:40:14'),
(33, 44, 24, '2026-03-05', '2026-03-10', '2026-03-05 01:49:21', '2026-03-10 00:40:14'),
(34, 45, 25, '2026-03-05', '2026-03-10', '2026-03-05 01:49:21', '2026-03-10 00:40:14'),
(35, 46, 26, '2026-03-05', '2026-03-10', '2026-03-05 01:49:21', '2026-03-10 00:40:14'),
(36, 47, 16, '2026-03-05', '2026-03-10', '2026-03-05 01:49:21', '2026-03-10 00:40:14'),
(37, 48, 27, '2026-03-05', '2026-03-10', '2026-03-05 01:49:21', '2026-03-10 00:40:14'),
(38, 49, 28, '2026-03-05', '2026-03-10', '2026-03-05 01:49:21', '2026-03-10 00:40:14'),
(39, 50, 29, '2026-03-05', '2026-03-10', '2026-03-05 01:49:21', '2026-03-10 00:40:14'),
(40, 51, 21, '2026-03-05', '2026-03-10', '2026-03-05 01:49:21', '2026-03-10 00:40:14'),
(41, 52, 30, '2026-03-05', '2026-03-10', '2026-03-05 01:49:21', '2026-03-10 00:40:14'),
(42, 53, 31, '2026-03-05', '2026-03-10', '2026-03-05 01:49:21', '2026-03-10 00:40:14'),
(43, 54, 32, '2026-03-05', '2026-03-10', '2026-03-05 01:49:21', '2026-03-10 00:40:14'),
(44, 2, 33, '2026-03-10', '2026-03-16', '2026-03-10 00:40:14', '2026-03-16 23:42:37'),
(45, 5, 4, '2026-03-10', '2026-03-16', '2026-03-10 00:40:14', '2026-03-16 23:42:37'),
(46, 20, 13, '2026-03-10', '2026-03-16', '2026-03-10 00:40:14', '2026-03-16 23:42:37'),
(47, 2, 1, '2026-03-16', '2026-03-23', '2026-03-16 23:42:37', '2026-03-23 12:34:34'),
(48, 3, 2, '2026-03-16', '2026-03-23', '2026-03-16 23:42:37', '2026-03-23 12:34:34'),
(49, 4, 3, '2026-03-16', '2026-03-23', '2026-03-16 23:42:37', '2026-03-23 12:34:34'),
(50, 5, 4, '2026-03-16', '2026-03-23', '2026-03-16 23:42:37', '2026-03-23 12:34:34'),
(51, 8, 5, '2026-03-16', '2026-03-23', '2026-03-16 23:42:37', '2026-03-23 12:34:34'),
(52, 9, 6, '2026-03-16', '2026-03-23', '2026-03-16 23:42:37', '2026-03-23 12:34:34'),
(53, 10, 7, '2026-03-16', '2026-03-23', '2026-03-16 23:42:37', '2026-03-23 12:34:34'),
(54, 11, 8, '2026-03-16', '2026-03-23', '2026-03-16 23:42:37', '2026-03-23 12:34:34'),
(55, 12, 9, '2026-03-16', '2026-03-23', '2026-03-16 23:42:37', '2026-03-23 12:34:34'),
(56, 13, 10, '2026-03-16', '2026-03-23', '2026-03-16 23:42:37', '2026-03-23 12:34:34'),
(57, 18, 11, '2026-03-16', '2026-03-23', '2026-03-16 23:42:37', '2026-03-23 12:34:34'),
(58, 19, 12, '2026-03-16', '2026-03-23', '2026-03-16 23:42:37', '2026-03-23 12:34:34'),
(59, 20, 13, '2026-03-16', '2026-03-23', '2026-03-16 23:42:37', '2026-03-23 12:34:34'),
(60, 21, 7, '2026-03-16', '2026-03-23', '2026-03-16 23:42:37', '2026-03-23 12:34:34'),
(61, 22, 12, '2026-03-16', '2026-03-23', '2026-03-16 23:42:37', '2026-03-23 12:34:34'),
(62, 24, 12, '2026-03-16', '2026-03-23', '2026-03-16 23:42:37', '2026-03-23 12:34:34'),
(63, 25, 14, '2026-03-16', '2026-03-23', '2026-03-16 23:42:37', '2026-03-23 12:34:34'),
(64, 26, 15, '2026-03-16', '2026-03-23', '2026-03-16 23:42:37', '2026-03-23 12:34:34'),
(65, 27, 16, '2026-03-16', '2026-03-23', '2026-03-16 23:42:37', '2026-03-23 12:34:34'),
(66, 28, 12, '2026-03-16', '2026-03-23', '2026-03-16 23:42:37', '2026-03-23 12:34:34'),
(67, 29, 14, '2026-03-16', '2026-03-23', '2026-03-16 23:42:37', '2026-03-23 12:34:34'),
(68, 30, 17, '2026-03-16', '2026-03-23', '2026-03-16 23:42:37', '2026-03-23 12:34:34'),
(69, 32, 18, '2026-03-16', '2026-03-23', '2026-03-16 23:42:37', '2026-03-23 12:34:34'),
(70, 33, 19, '2026-03-16', '2026-03-23', '2026-03-16 23:42:37', '2026-03-23 12:34:34'),
(71, 34, 20, '2026-03-16', '2026-03-23', '2026-03-16 23:42:37', '2026-03-23 12:34:34'),
(72, 38, 12, '2026-03-16', '2026-03-23', '2026-03-16 23:42:37', '2026-03-23 12:34:34'),
(73, 39, 21, '2026-03-16', '2026-03-23', '2026-03-16 23:42:37', '2026-03-23 12:34:34'),
(74, 40, 22, '2026-03-16', '2026-03-23', '2026-03-16 23:42:37', '2026-03-23 12:34:34'),
(75, 41, 14, '2026-03-16', '2026-03-23', '2026-03-16 23:42:37', '2026-03-23 12:34:34'),
(76, 42, 14, '2026-03-16', '2026-03-23', '2026-03-16 23:42:37', '2026-03-23 12:34:34'),
(77, 44, 23, '2026-03-16', '2026-03-23', '2026-03-16 23:42:37', '2026-03-23 12:34:34'),
(78, 45, 16, '2026-03-16', '2026-03-23', '2026-03-16 23:42:37', '2026-03-23 12:34:34'),
(79, 46, 24, '2026-03-16', '2026-03-23', '2026-03-16 23:42:37', '2026-03-23 12:34:34'),
(80, 47, 26, '2026-03-16', '2026-03-23', '2026-03-16 23:42:37', '2026-03-23 12:34:34'),
(81, 48, 16, '2026-03-16', '2026-03-23', '2026-03-16 23:42:37', '2026-03-23 12:34:34'),
(82, 49, 27, '2026-03-16', '2026-03-23', '2026-03-16 23:42:37', '2026-03-23 12:34:34'),
(83, 50, 28, '2026-03-16', '2026-03-23', '2026-03-16 23:42:37', '2026-03-23 12:34:34'),
(84, 51, 29, '2026-03-16', '2026-03-23', '2026-03-16 23:42:37', '2026-03-23 12:34:34'),
(85, 52, 21, '2026-03-16', '2026-03-23', '2026-03-16 23:42:37', '2026-03-23 12:34:34'),
(86, 2, 1, '2026-03-23', '2026-03-23', '2026-03-23 12:34:34', '2026-03-23 12:35:10'),
(87, 3, 2, '2026-03-23', '2026-03-23', '2026-03-23 12:34:34', '2026-03-23 12:35:10'),
(88, 4, 3, '2026-03-23', '2026-03-23', '2026-03-23 12:34:34', '2026-03-23 12:35:10'),
(89, 5, 4, '2026-03-23', '2026-03-23', '2026-03-23 12:34:34', '2026-03-23 12:35:10'),
(90, 8, 5, '2026-03-23', '2026-03-23', '2026-03-23 12:34:34', '2026-03-23 12:35:10'),
(91, 9, 6, '2026-03-23', '2026-03-23', '2026-03-23 12:34:34', '2026-03-23 12:35:10'),
(92, 10, 7, '2026-03-23', '2026-03-23', '2026-03-23 12:34:34', '2026-03-23 12:35:10'),
(93, 11, 8, '2026-03-23', '2026-03-23', '2026-03-23 12:34:34', '2026-03-23 12:35:10'),
(94, 12, 9, '2026-03-23', '2026-03-23', '2026-03-23 12:34:34', '2026-03-23 12:35:10'),
(95, 13, 10, '2026-03-23', '2026-03-23', '2026-03-23 12:34:34', '2026-03-23 12:35:10'),
(96, 18, 11, '2026-03-23', '2026-03-23', '2026-03-23 12:34:34', '2026-03-23 12:35:10'),
(97, 19, 12, '2026-03-23', '2026-03-23', '2026-03-23 12:34:34', '2026-03-23 12:35:10'),
(98, 20, 13, '2026-03-23', '2026-03-23', '2026-03-23 12:34:34', '2026-03-23 12:35:10'),
(99, 21, 7, '2026-03-23', '2026-03-23', '2026-03-23 12:34:34', '2026-03-23 12:35:10'),
(100, 22, 12, '2026-03-23', '2026-03-23', '2026-03-23 12:34:34', '2026-03-23 12:35:10'),
(101, 24, 12, '2026-03-23', '2026-03-23', '2026-03-23 12:34:34', '2026-03-23 12:35:10'),
(102, 25, 14, '2026-03-23', '2026-03-23', '2026-03-23 12:34:34', '2026-03-23 12:35:10'),
(103, 26, 15, '2026-03-23', '2026-03-23', '2026-03-23 12:34:34', '2026-03-23 12:35:10'),
(104, 27, 16, '2026-03-23', '2026-03-23', '2026-03-23 12:34:34', '2026-03-23 12:35:10'),
(105, 28, 12, '2026-03-23', '2026-03-23', '2026-03-23 12:34:34', '2026-03-23 12:35:10'),
(106, 29, 14, '2026-03-23', '2026-03-23', '2026-03-23 12:34:34', '2026-03-23 12:35:10'),
(107, 30, 17, '2026-03-23', '2026-03-23', '2026-03-23 12:34:34', '2026-03-23 12:35:10'),
(108, 32, 18, '2026-03-23', '2026-03-23', '2026-03-23 12:34:34', '2026-03-23 12:35:10'),
(109, 33, 19, '2026-03-23', '2026-03-23', '2026-03-23 12:34:34', '2026-03-23 12:35:10'),
(110, 34, 20, '2026-03-23', '2026-03-23', '2026-03-23 12:34:34', '2026-03-23 12:35:10'),
(111, 38, 12, '2026-03-23', '2026-03-23', '2026-03-23 12:34:34', '2026-03-23 12:35:10'),
(112, 39, 21, '2026-03-23', '2026-03-23', '2026-03-23 12:34:34', '2026-03-23 12:35:10'),
(113, 40, 22, '2026-03-23', '2026-03-23', '2026-03-23 12:34:34', '2026-03-23 12:35:10'),
(114, 41, 14, '2026-03-23', '2026-03-23', '2026-03-23 12:34:34', '2026-03-23 12:35:10'),
(115, 42, 14, '2026-03-23', '2026-03-23', '2026-03-23 12:34:34', '2026-03-23 12:35:10'),
(116, 44, 23, '2026-03-23', '2026-03-23', '2026-03-23 12:34:34', '2026-03-23 12:35:10'),
(117, 45, 16, '2026-03-23', '2026-03-23', '2026-03-23 12:34:34', '2026-03-23 12:35:10'),
(118, 46, 24, '2026-03-23', '2026-03-23', '2026-03-23 12:34:34', '2026-03-23 12:35:10'),
(119, 47, 26, '2026-03-23', '2026-03-23', '2026-03-23 12:34:34', '2026-03-23 12:35:10'),
(120, 48, 16, '2026-03-23', '2026-03-23', '2026-03-23 12:34:34', '2026-03-23 12:35:10'),
(121, 49, 27, '2026-03-23', '2026-03-23', '2026-03-23 12:34:34', '2026-03-23 12:35:10'),
(122, 50, 28, '2026-03-23', '2026-03-23', '2026-03-23 12:34:34', '2026-03-23 12:35:10'),
(123, 51, 29, '2026-03-23', '2026-03-23', '2026-03-23 12:34:34', '2026-03-23 12:35:10'),
(124, 52, 21, '2026-03-23', '2026-03-23', '2026-03-23 12:34:34', '2026-03-23 12:35:10'),
(125, 2, 1, '2026-03-23', '2026-03-31', '2026-03-23 12:35:10', '2026-03-31 00:09:20'),
(126, 3, 2, '2026-03-23', '2026-03-31', '2026-03-23 12:35:10', '2026-03-31 00:09:20'),
(127, 4, 3, '2026-03-23', '2026-03-31', '2026-03-23 12:35:10', '2026-03-31 00:09:20'),
(128, 5, 4, '2026-03-23', '2026-03-31', '2026-03-23 12:35:10', '2026-03-31 00:09:20'),
(129, 8, 5, '2026-03-23', '2026-03-31', '2026-03-23 12:35:10', '2026-03-31 00:09:20'),
(130, 9, 6, '2026-03-23', '2026-03-31', '2026-03-23 12:35:10', '2026-03-31 00:09:20'),
(131, 10, 7, '2026-03-23', '2026-03-31', '2026-03-23 12:35:10', '2026-03-31 00:09:20'),
(132, 11, 8, '2026-03-23', '2026-03-31', '2026-03-23 12:35:10', '2026-03-31 00:09:20'),
(133, 12, 9, '2026-03-23', '2026-03-31', '2026-03-23 12:35:10', '2026-03-31 00:09:20'),
(134, 13, 10, '2026-03-23', '2026-03-31', '2026-03-23 12:35:10', '2026-03-31 00:09:20'),
(135, 18, 11, '2026-03-23', '2026-03-31', '2026-03-23 12:35:10', '2026-03-31 00:09:20'),
(136, 19, 12, '2026-03-23', '2026-03-31', '2026-03-23 12:35:10', '2026-03-31 00:09:20'),
(137, 20, 13, '2026-03-23', '2026-03-31', '2026-03-23 12:35:10', '2026-03-31 00:09:20'),
(138, 21, 7, '2026-03-23', '2026-03-31', '2026-03-23 12:35:10', '2026-03-31 00:09:20'),
(139, 22, 12, '2026-03-23', '2026-03-31', '2026-03-23 12:35:10', '2026-03-31 00:09:20'),
(140, 24, 12, '2026-03-23', '2026-03-31', '2026-03-23 12:35:10', '2026-03-31 00:09:20'),
(141, 25, 14, '2026-03-23', '2026-03-31', '2026-03-23 12:35:10', '2026-03-31 00:09:20'),
(142, 26, 15, '2026-03-23', '2026-03-31', '2026-03-23 12:35:10', '2026-03-31 00:09:20'),
(143, 27, 16, '2026-03-23', '2026-03-31', '2026-03-23 12:35:10', '2026-03-31 00:09:20'),
(144, 28, 12, '2026-03-23', '2026-03-31', '2026-03-23 12:35:10', '2026-03-31 00:09:20'),
(145, 29, 14, '2026-03-23', '2026-03-31', '2026-03-23 12:35:10', '2026-03-31 00:09:20'),
(146, 30, 17, '2026-03-23', '2026-03-31', '2026-03-23 12:35:10', '2026-03-31 00:09:20'),
(147, 32, 18, '2026-03-23', '2026-03-31', '2026-03-23 12:35:10', '2026-03-31 00:09:20'),
(148, 33, 19, '2026-03-23', '2026-03-31', '2026-03-23 12:35:10', '2026-03-31 00:09:20'),
(149, 34, 20, '2026-03-23', '2026-03-31', '2026-03-23 12:35:10', '2026-03-31 00:09:20'),
(150, 38, 12, '2026-03-23', '2026-03-31', '2026-03-23 12:35:10', '2026-03-31 00:09:20'),
(151, 39, 21, '2026-03-23', '2026-03-31', '2026-03-23 12:35:10', '2026-03-31 00:09:20'),
(152, 40, 22, '2026-03-23', '2026-03-31', '2026-03-23 12:35:10', '2026-03-31 00:09:20'),
(153, 41, 14, '2026-03-23', '2026-03-31', '2026-03-23 12:35:10', '2026-03-31 00:09:20'),
(154, 42, 14, '2026-03-23', '2026-03-31', '2026-03-23 12:35:10', '2026-03-31 00:09:20'),
(155, 44, 23, '2026-03-23', '2026-03-31', '2026-03-23 12:35:10', '2026-03-31 00:09:20'),
(156, 45, 16, '2026-03-23', '2026-03-31', '2026-03-23 12:35:10', '2026-03-31 00:09:20'),
(157, 46, 24, '2026-03-23', '2026-03-31', '2026-03-23 12:35:10', '2026-03-31 00:09:20'),
(158, 47, 26, '2026-03-23', '2026-03-31', '2026-03-23 12:35:10', '2026-03-31 00:09:20'),
(159, 48, 16, '2026-03-23', '2026-03-31', '2026-03-23 12:35:10', '2026-03-31 00:09:20'),
(160, 49, 27, '2026-03-23', '2026-03-31', '2026-03-23 12:35:10', '2026-03-31 00:09:20'),
(161, 50, 28, '2026-03-23', '2026-03-31', '2026-03-23 12:35:10', '2026-03-31 00:09:20'),
(162, 51, 29, '2026-03-23', '2026-03-31', '2026-03-23 12:35:10', '2026-03-31 00:09:20'),
(163, 52, 21, '2026-03-23', '2026-03-31', '2026-03-23 12:35:10', '2026-03-31 00:09:20'),
(164, 2, 1, '2026-03-31', '2026-04-07', '2026-03-31 00:09:20', '2026-04-07 00:04:59'),
(165, 3, 2, '2026-03-31', '2026-04-07', '2026-03-31 00:09:20', '2026-04-07 00:04:59'),
(166, 4, 3, '2026-03-31', '2026-04-07', '2026-03-31 00:09:20', '2026-04-07 00:04:59'),
(167, 5, 4, '2026-03-31', '2026-04-07', '2026-03-31 00:09:20', '2026-04-07 00:04:59'),
(168, 8, 5, '2026-03-31', '2026-04-07', '2026-03-31 00:09:20', '2026-04-07 00:04:59'),
(169, 9, 6, '2026-03-31', '2026-04-07', '2026-03-31 00:09:20', '2026-04-07 00:04:59'),
(170, 10, 7, '2026-03-31', '2026-04-07', '2026-03-31 00:09:20', '2026-04-07 00:04:59'),
(171, 11, 8, '2026-03-31', '2026-04-07', '2026-03-31 00:09:20', '2026-04-07 00:04:59'),
(172, 12, 9, '2026-03-31', '2026-04-07', '2026-03-31 00:09:20', '2026-04-07 00:04:59'),
(173, 13, 10, '2026-03-31', '2026-04-07', '2026-03-31 00:09:20', '2026-04-07 00:04:59'),
(174, 18, 11, '2026-03-31', '2026-04-07', '2026-03-31 00:09:20', '2026-04-07 00:04:59'),
(175, 19, 12, '2026-03-31', '2026-04-07', '2026-03-31 00:09:20', '2026-04-07 00:04:59'),
(176, 20, 13, '2026-03-31', '2026-04-07', '2026-03-31 00:09:20', '2026-04-07 00:04:59'),
(177, 21, 7, '2026-03-31', '2026-04-07', '2026-03-31 00:09:20', '2026-04-07 00:04:59'),
(178, 22, 12, '2026-03-31', '2026-04-07', '2026-03-31 00:09:20', '2026-04-07 00:04:59'),
(179, 24, 12, '2026-03-31', '2026-04-07', '2026-03-31 00:09:20', '2026-04-07 00:04:59'),
(180, 25, 14, '2026-03-31', '2026-04-07', '2026-03-31 00:09:20', '2026-04-07 00:04:59'),
(181, 26, 15, '2026-03-31', '2026-04-07', '2026-03-31 00:09:20', '2026-04-07 00:04:59'),
(182, 27, 16, '2026-03-31', '2026-04-07', '2026-03-31 00:09:20', '2026-04-07 00:04:59'),
(183, 28, 12, '2026-03-31', '2026-04-07', '2026-03-31 00:09:20', '2026-04-07 00:04:59'),
(184, 29, 14, '2026-03-31', '2026-04-07', '2026-03-31 00:09:20', '2026-04-07 00:04:59'),
(185, 30, 17, '2026-03-31', '2026-04-07', '2026-03-31 00:09:20', '2026-04-07 00:04:59'),
(186, 32, 18, '2026-03-31', '2026-04-07', '2026-03-31 00:09:20', '2026-04-07 00:04:59'),
(187, 33, 19, '2026-03-31', '2026-04-07', '2026-03-31 00:09:20', '2026-04-07 00:04:59'),
(188, 34, 20, '2026-03-31', '2026-04-07', '2026-03-31 00:09:20', '2026-04-07 00:04:59'),
(189, 36, 7, '2026-03-31', '2026-04-07', '2026-03-31 00:09:20', '2026-04-07 00:04:59'),
(190, 38, 12, '2026-03-31', '2026-04-07', '2026-03-31 00:09:20', '2026-04-07 00:04:59'),
(191, 39, 21, '2026-03-31', '2026-04-07', '2026-03-31 00:09:20', '2026-04-07 00:04:59'),
(192, 40, 22, '2026-03-31', '2026-04-07', '2026-03-31 00:09:20', '2026-04-07 00:04:59'),
(193, 41, 14, '2026-03-31', '2026-04-07', '2026-03-31 00:09:20', '2026-04-07 00:04:59'),
(194, 42, 14, '2026-03-31', '2026-04-07', '2026-03-31 00:09:20', '2026-04-07 00:04:59'),
(195, 44, 23, '2026-03-31', '2026-04-07', '2026-03-31 00:09:20', '2026-04-07 00:04:59'),
(196, 45, 16, '2026-03-31', '2026-04-07', '2026-03-31 00:09:20', '2026-04-07 00:04:59'),
(197, 46, 24, '2026-03-31', '2026-04-07', '2026-03-31 00:09:20', '2026-04-07 00:04:59'),
(198, 47, 26, '2026-03-31', '2026-04-07', '2026-03-31 00:09:20', '2026-04-07 00:04:59'),
(199, 48, 16, '2026-03-31', '2026-04-07', '2026-03-31 00:09:20', '2026-04-07 00:04:59'),
(200, 49, 27, '2026-03-31', '2026-04-07', '2026-03-31 00:09:20', '2026-04-07 00:04:59'),
(201, 50, 28, '2026-03-31', '2026-04-07', '2026-03-31 00:09:20', '2026-04-07 00:04:59'),
(202, 51, 29, '2026-03-31', '2026-04-07', '2026-03-31 00:09:20', '2026-04-07 00:04:59'),
(203, 52, 21, '2026-03-31', '2026-04-07', '2026-03-31 00:09:20', '2026-04-07 00:04:59'),
(204, 2, 1, '2026-04-07', NULL, '2026-04-07 00:04:59', '2026-04-07 00:04:59'),
(205, 3, 2, '2026-04-07', NULL, '2026-04-07 00:04:59', '2026-04-07 00:04:59'),
(206, 4, 3, '2026-04-07', NULL, '2026-04-07 00:04:59', '2026-04-07 00:04:59'),
(207, 5, 33, '2026-04-07', NULL, '2026-04-07 00:04:59', '2026-04-07 00:04:59'),
(208, 6, 34, '2026-04-07', NULL, '2026-04-07 00:04:59', '2026-04-07 00:04:59'),
(209, 8, 5, '2026-04-07', NULL, '2026-04-07 00:04:59', '2026-04-07 00:04:59'),
(210, 9, 6, '2026-04-07', NULL, '2026-04-07 00:04:59', '2026-04-07 00:04:59'),
(211, 10, 24, '2026-04-07', NULL, '2026-04-07 00:04:59', '2026-04-07 00:04:59'),
(212, 11, 7, '2026-04-07', NULL, '2026-04-07 00:04:59', '2026-04-07 00:04:59'),
(213, 12, 13, '2026-04-07', NULL, '2026-04-07 00:04:59', '2026-04-07 00:04:59'),
(214, 13, 9, '2026-04-07', NULL, '2026-04-07 00:04:59', '2026-04-07 00:04:59'),
(215, 14, 10, '2026-04-07', NULL, '2026-04-07 00:04:59', '2026-04-07 00:04:59'),
(216, 18, 35, '2026-04-07', NULL, '2026-04-07 00:04:59', '2026-04-07 00:04:59'),
(217, 20, 4, '2026-04-07', NULL, '2026-04-07 00:04:59', '2026-04-07 00:04:59'),
(218, 21, 36, '2026-04-07', NULL, '2026-04-07 00:04:59', '2026-04-07 00:04:59'),
(219, 22, 10, '2026-04-07', NULL, '2026-04-07 00:04:59', '2026-04-07 00:04:59'),
(220, 23, 12, '2026-04-07', NULL, '2026-04-07 00:04:59', '2026-04-07 00:04:59'),
(221, 25, 12, '2026-04-07', NULL, '2026-04-07 00:04:59', '2026-04-07 00:04:59'),
(222, 26, 14, '2026-04-07', NULL, '2026-04-07 00:04:59', '2026-04-07 00:04:59'),
(223, 27, 15, '2026-04-07', NULL, '2026-04-07 00:04:59', '2026-04-07 00:04:59'),
(224, 28, 16, '2026-04-07', NULL, '2026-04-07 00:04:59', '2026-04-07 00:04:59'),
(225, 29, 12, '2026-04-07', NULL, '2026-04-07 00:04:59', '2026-04-07 00:04:59'),
(226, 30, 14, '2026-04-07', NULL, '2026-04-07 00:04:59', '2026-04-07 00:04:59'),
(227, 32, 18, '2026-04-07', NULL, '2026-04-07 00:04:59', '2026-04-07 00:04:59'),
(228, 33, 19, '2026-04-07', NULL, '2026-04-07 00:04:59', '2026-04-07 00:04:59'),
(229, 34, 20, '2026-04-07', NULL, '2026-04-07 00:04:59', '2026-04-07 00:04:59'),
(230, 36, 7, '2026-04-07', NULL, '2026-04-07 00:04:59', '2026-04-07 00:04:59'),
(231, 38, 12, '2026-04-07', NULL, '2026-04-07 00:04:59', '2026-04-07 00:04:59'),
(232, 39, 21, '2026-04-07', NULL, '2026-04-07 00:04:59', '2026-04-07 00:04:59'),
(233, 40, 22, '2026-04-07', NULL, '2026-04-07 00:04:59', '2026-04-07 00:04:59'),
(234, 41, 14, '2026-04-07', NULL, '2026-04-07 00:04:59', '2026-04-07 00:04:59'),
(235, 42, 14, '2026-04-07', NULL, '2026-04-07 00:04:59', '2026-04-07 00:04:59'),
(236, 44, 23, '2026-04-07', NULL, '2026-04-07 00:04:59', '2026-04-07 00:04:59'),
(237, 45, 16, '2026-04-07', NULL, '2026-04-07 00:04:59', '2026-04-07 00:04:59'),
(238, 46, 37, '2026-04-07', NULL, '2026-04-07 00:04:59', '2026-04-07 00:04:59'),
(239, 47, 16, '2026-04-07', NULL, '2026-04-07 00:04:59', '2026-04-07 00:04:59'),
(240, 48, 27, '2026-04-07', NULL, '2026-04-07 00:04:59', '2026-04-07 00:04:59'),
(241, 49, 38, '2026-04-07', NULL, '2026-04-07 00:04:59', '2026-04-07 00:04:59'),
(242, 50, 29, '2026-04-07', NULL, '2026-04-07 00:04:59', '2026-04-07 00:04:59'),
(243, 51, 21, '2026-04-07', NULL, '2026-04-07 00:04:59', '2026-04-07 00:04:59');

-- --------------------------------------------------------

--
-- テーブルの構造 `migrations`
--

CREATE TABLE `migrations` (
  `id` int(10) UNSIGNED NOT NULL,
  `migration` varchar(255) NOT NULL,
  `batch` int(11) NOT NULL
) ENGINE=InnoDB DEFAULT CHARSET=utf8mb4 COLLATE=utf8mb4_unicode_ci;

--
-- テーブルのデータのダンプ `migrations`
--

INSERT INTO `migrations` (`id`, `migration`, `batch`) VALUES
(1, '0001_01_01_000000_create_users_table', 1),
(2, '0001_01_01_000001_create_cache_table', 1),
(3, '0001_01_01_000002_create_jobs_table', 1),
(4, '2026_03_03_100001_create_members_table', 1),
(5, '2026_03_03_100002_create_meetings_table', 1),
(6, '2026_03_03_100003_create_participants_table', 1),
(7, '2026_03_03_100004_create_breakout_rooms_table', 1),
(8, '2026_03_03_100005_create_participant_breakout_table', 1),
(9, '2026_03_03_100006_create_breakout_memos_table', 1),
(11, '2026_03_03_100007_create_dragonfly_contact_flags_table', 2),
(12, '2026_03_03_100008_create_dragonfly_contact_events_table', 3),
(13, '2026_03_04_100001_create_workspaces_table', 4),
(14, '2026_03_04_100002_create_contact_memos_table', 4),
(15, '2026_03_04_100003_create_introductions_table', 4),
(16, '2026_03_04_100004_create_one_to_ones_table', 5),
(17, '2026_03_04_100005_add_memo_type_and_one_to_one_id_to_contact_memos_table', 5),
(18, '2026_03_04_100006_add_workspace_id_to_contact_memos_introductions_flags', 6),
(19, '2026_03_04_120000_add_notes_to_breakout_rooms_table', 7),
(20, '2026_03_04_140000_create_breakout_rounds_table', 8),
(21, '2026_03_04_140001_add_breakout_round_id_to_breakout_rooms_table', 8),
(22, '2026_03_05_100000_add_bo_count_to_meetings_table', 9),
(23, '2026_03_05_100001_remove_round_from_breakout_rooms_table', 9),
(24, '2026_03_05_100001_create_categories_table', 10),
(25, '2026_03_05_100002_add_category_id_to_members_table', 10),
(26, '2026_03_05_100003_migrate_members_category_to_categories', 10),
(27, '2026_03_05_100004_remove_category_from_members_table', 10),
(28, '2026_03_05_100005_create_roles_table', 11),
(29, '2026_03_05_100006_create_member_roles_table', 11),
(30, '2026_03_05_100007_migrate_members_role_notes_to_member_roles', 11),
(31, '2026_03_05_100008_remove_role_notes_from_members_table', 11),
(32, '2026_03_05_120000_add_owner_member_id_to_users_table', 12),
(33, '2026_03_17_100001_create_meeting_participant_imports_table', 13),
(34, '2026_03_17_120000_add_parse_fields_to_meeting_participant_imports', 14),
(35, '2026_03_17_140000_add_extracted_fields_to_meeting_participant_imports', 15),
(36, '2026_03_17_160000_add_apply_history_to_meeting_participant_imports', 16),
(37, '2026_03_17_200000_create_meeting_csv_imports_table', 17),
(38, '2026_03_19_100000_add_imported_at_applied_count_to_meeting_csv_imports', 18),
(39, '2026_03_17_220000_create_meeting_csv_apply_logs_table', 19),
(40, '2026_03_17_230000_create_meeting_csv_import_resolutions_table', 20),
(41, '2026_03_20_100000_create_bo_assignment_audit_logs_table', 21),
(42, '2026_03_20_120000_add_default_workspace_id_to_users_table', 22),
(43, '2026_03_20_150000_add_workspace_id_to_members_table', 22),
(44, '2026_03_31_120000_add_ncast_profile_url_to_members_table', 22),
(45, '2026_04_07_110000_add_weekly_presentation_body_to_members_table', 23);

-- --------------------------------------------------------

--
-- テーブルの構造 `one_to_ones`
--

CREATE TABLE `one_to_ones` (
  `id` bigint(20) UNSIGNED NOT NULL,
  `workspace_id` bigint(20) UNSIGNED DEFAULT NULL,
  `owner_member_id` bigint(20) UNSIGNED NOT NULL,
  `target_member_id` bigint(20) UNSIGNED NOT NULL,
  `meeting_id` bigint(20) UNSIGNED DEFAULT NULL,
  `scheduled_at` datetime DEFAULT NULL,
  `started_at` datetime DEFAULT NULL,
  `ended_at` datetime DEFAULT NULL,
  `status` varchar(20) NOT NULL,
  `notes` text DEFAULT NULL,
  `created_at` timestamp NULL DEFAULT NULL,
  `updated_at` timestamp NULL DEFAULT NULL
) ENGINE=InnoDB DEFAULT CHARSET=utf8mb4 COLLATE=utf8mb4_unicode_ci;

--
-- テーブルのデータのダンプ `one_to_ones`
--

INSERT INTO `one_to_ones` (`id`, `workspace_id`, `owner_member_id`, `target_member_id`, `meeting_id`, `scheduled_at`, `started_at`, `ended_at`, `status`, `notes`, `created_at`, `updated_at`) VALUES
(6, 1, 37, 31, NULL, '2026-03-06 05:00:00', NULL, '2026-03-06 06:00:00', 'completed', 'お互いのビジネスの紹介\nシステムと助成金で協業できそう。見積もりが作成できればOK', '2026-03-23 12:47:04', '2026-03-23 12:47:04'),
(7, 1, 37, 42, NULL, '2026-03-11 04:00:00', NULL, '2026-03-11 05:00:00', 'completed', 'お互いのビジネス紹介', '2026-03-23 12:48:50', '2026-03-23 12:48:50'),
(8, 1, 37, 44, NULL, '2026-03-12 05:00:00', NULL, '2026-03-12 06:00:00', 'completed', 'アナログな生産管理をシステム化に前向き\n提案書を提出済み', '2026-03-23 12:49:51', '2026-03-23 12:49:51'),
(9, 1, 1, 11, NULL, '2026-03-16 02:00:00', NULL, '2026-03-16 03:00:00', 'completed', 'お互いのビジネスの紹介', '2026-03-23 12:51:50', '2026-03-23 12:51:50'),
(10, 1, 37, 10, NULL, '2026-04-02 06:00:00', NULL, '2026-04-02 07:00:00', 'completed', 'エアコン本舗案件メモ（保存用）\n\n■ 概要\n	•	倉持氏との打ち合わせにて以下2点が前進\n	•	ウェブマスター役割の打診 → 前向きに検討\n	•	エアコン本舗案件 → 開発チーム参画の可能性あり\n	•	次回アクション：4月13日 1to1（11:00〜12:00）\n\n⸻\n\n■ 決定事項\n\n① ウェブマスター\n	•	次廣が担当する方向で調整\n	•	BNI内の運営・情報管理ポジション\n\n② 1to1ミーティング\n	•	日時：4月13日 11:00〜12:00\n	•	倉持氏よりZoom URL共有予定\n\n③ エアコン本舗案件\n	•	チーム参画の方向で検討開始\n	•	本格開発は秋頃予定\n\n⸻\n\n■ ウェブマスター業務（理解整理）\n\n● 主業務\n	•	BNIサイト管理（メンバー情報・公開設定）\n	•	定例会サポート（Zoom・スライド・録画）\n	•	動画編集・アップロード（週次）\n	•	SNS運用（Facebook / LINEの使い分け）\n	•	ビジター情報管理（Nキャス）\n\n● 使用ツール\n	•	BNIコネクト\n	•	Nキャス\n	•	Zoom\n	•	Facebook / LINE\n\n⸻\n\n■ エアコン本舗案件（重要）\n\n● 課題\n	•	業務フローが非効率（受注〜施工）\n	•	売上・利益の可視化が遅い（約1ヶ月遅延）\n\n● 提案内容（予定）\n	•	受注管理システム\n	•	在庫・発注の自動化\n	•	アサイン最適化\n	•	AI電話による日程調整\n\n● 開発タイミング\n	•	夏：計測・準備フェーズ\n	•	秋：本格開発\n\n● 体制\n	•	PM：倉持氏\n	•	PMコーチ：佐野氏（元アクセンチュア）\n	•	技術：伊藤氏（GPS最適化）\n	•	開発候補：次廣（tugilo）\n\n⸻\n\n■ 自分の強み（再認識）\n	•	工程管理・アサイン系システムの構築経験あり\n	•	LINE連携システム実績あり\n	•	フルスタック対応（BE/FE/インフラ）\n	•	業務理解＋エンジニア橋渡しができる\n\n⸻\n\n■ 4/13 1to1の目的\n\n● ゴール\n	•	エアコン本舗案件の関わり方を具体化\n	•	自分の役割ポジションを明確にする\n\n⸻\n\n■ 1to1で確認すること\n\n● ウェブマスター\n	•	期待されている役割範囲\n	•	工数・優先度\n\n⸻\n\n● エアコン本舗（最重要）\n\n現状把握\n	•	一番のボトルネックはどこか\n	•	現場 or 管理どちらが詰まっているか\n	•	現在の業務フロー\n\n深掘り質問（tugilo視点）\n	•	人依存になっている部分は？\n	•	同じ入力を何回しているか？\n	•	数字はいつ確定しているか？\n\n⸻\n\n■ 提案方針（tugilo式）\n\n❌ いきなり開発しない\n\n⭕ 小さく始める\n\n⸻\n\n● フェーズ設計\n\nPhase1：見える化\n	•	データ収集・現状把握\n\nPhase2：整理\n	•	フロー整理・無駄削減\n\nPhase3：システム化\n	•	必要部分のみ実装\n\n⸻\n\n■ キーメッセージ\n\n👉\n「現場は変えない。でも、気づいたら楽になっている状態を作る」\n\n⸻\n\n■ 次アクション\n\n事前\n	•	1to1質問整理\n	•	エアコン業界の流れ軽く把握\n\n事後\n	•	業務フローの構造図作成\n	•	フェーズ提案資料作成\n\n⸻\n\n■ メモ（気づき）\n	•	ウェブマスターは信頼獲得ポジション\n	•	エアコン本舗はtugiloの勝ちパターン案件\n	•	「いきなり作らない」が今回のキー', '2026-04-02 21:05:22', '2026-04-02 21:05:22'),
(11, 1, 37, 18, NULL, '2026-04-02 22:15:00', NULL, '2026-04-02 23:15:00', 'completed', '#### 基本情報\n\n- **日時:** **2026-04-03（金）JST 07:15–08:15**（60分）。**取得元:** ユーザー確認（当日の1to1実績）。※過去の Zoom要約段階では日時未記載だったため、本項で確定。\n- **実施方法:** Zoom\n\n#### 話した内容（重要）\n\n※**削減せず**蓄積。以下は Zoom要約・当時の整理メモからの**記録**。\n\n- **主な流れ:** 次廣淳（AI・業務改善システム構築）と佐藤拓斗（高校生新卒採用コンサル）が BNI ドラゴンフライチャプターで **初回 1on1**。両者の事業内容を共有し、**テレアポリスト自動作成システム**の開発可能性について具体的検討を開始。静岡県藤枝市という地元の共通点から、今後の協力関係構築の基盤を確立した、との整理。\n- **決定・合意:**\n  - **リスト作成システムの検討開始:** 佐藤氏のテレアポリスト作成業務（現在手作業で **1時間100件**）を自動化するシステムについて、次廣氏が **技術的実現可能性を調査**。\n  - **求人媒体からのデータ取得:** リクナビネクスト等の求人サイトから、**従業員数30名以下** などの条件で自動抽出する仕組みを検討。**スクレイピング技術の活用**、ただし **法的リスクの確認が必要**。\n  - **5月中旬の再会:** 佐藤氏の静岡帰省時（**5月16–17日頃**）に **対面ミーティング** を設定する方向。\n- **次廣側で共有された事業内容:**\n  - **業務改善システム構築:** エクセル・スプレッドシートで分散管理されているデータを一元化し、リアルタイムでの進捗確認を実現。\n  - **LINE活用システム:** 問い合わせから見積もり、請求までを LINE 公式アカウントで完結させる仕組み（建設業向け）。\n  - **スタンプラリー・ビンゴシステム:** 静岡観光協会向けに **5年間運用中**。\n  - **施工管理・日報システム:** 名古屋のシーリング会社向けに、外国人労働者でも入力しやすい LINE ベースの業務日報システムを構築。\n  - **事業の特徴:** ゼロから1を作れる／既製ツールの押し付けではなく現場フローに合わせたカスタマイズ。**小さく始めて改善**（大規模を一気に入れず、入力から段階拡張）。**現場負担の最小化**（経営と現場のギャップを埋め、現場にベネフィットを与える設計）。\n  - **経歴・背景:** システム開発歴 **25–26年**（大学中退後一貫、現在 **52–53歳**）。BNI は増本氏・今西氏との静岡出世クラブでの **約10年の付き合い** から **2024年** にドラゴンフライ参加を決意。動機は技術一辺倒からの転換・仕事の幅拡大。**MSP（メンバーサクセスプログラム）** で学んだビジネススキルに感銘、トレーニング注力中。\n- **佐藤側で共有された事業内容（1to1上の詳細・プロフィールと照合可）:**\n  - **高校生新卒採用の仕組み構築:** ホームページ制作、パンフレット・動画制作、学校訪問代行、求人資料郵送代行まで一括。\n  - **4月依頼でも7月解禁に間に合う** 短期対応が可能。**全国対応**（BNI参加により全国展開が加速）。\n  - **ターゲット:** 従業員 **30名以下** が中心（プロフィールは **20〜30名以下** — 会話では30名以下条件でリスト抽出の話あり）。タイプ **3つ**: ①高校生採用のやり方が分からない ②やりたいが時間・人員不足 ③応募が来ない（我流で抜けがある）。業種: 建設業、製造業、自動車整備、ビルメンテナンス、清掃、介護福祉など。\n  - **実績:** **2024年度** 29社サポート、14社で採用成功（成功率 **約48%**）。**過去5年** 毎年40社以上サポート（2023年32社、2024年は50社近く）。\n  - **経歴・背景:** 事業歴 **5年**。新卒で高校生新卒採用コンサル会社に入社、**2024年3月に独立**（当時 会社設立から **1年** と共有）。学歴: 清水東高校→静岡大学→早稲田大学編入→早稲田大学大学院（**教員免許保有**）。**将来ビジョン:** 高校生以下を対象としたキャリア教育事業。**五教科と社会を結びつける授業** で子どもの将来の選択肢を広げたい。\n- **確認待ち（会話上の論点）:**\n  - リクナビネクストからのデータ取得: **技術的実現可能性** と **法的リスク（利用規約上の二次利用制限）** を次廣氏が調査中。\n  - Google マイビジネス API: 個人事業主リスト作成について、**二次利用禁止ルール** があり、公開情報からの取得方法を検討。\n- **共通点・シナジー:**\n  - **地元:** 両者とも静岡県藤枝市出身・在住。佐藤氏は藤枝市古利（西焼津小学校区）、次廣氏は青葉町（青島中学校区）。\n  - **教育への関心:** 次廣氏は娘の受験を控え、佐藤氏のキャリア教育理念（五教科と社会の結びつけ）に強く共感。\n  - **システム×採用:** 次廣氏は静岡県の大卒求人サイト **「三並び」** のアプリ開発を受注中。**大学生がメールを見ない** ため通知機能が必要、という課題を共有。\n- **アクションアイテム（当時の整理）:**\n  - 次廣氏: 求人媒体からのリスト自動作成システムの **技術調査・提案準備**。\n  - 佐藤氏: **5月中旬の静岡帰省日程確定後**、次廣氏に連絡。\n  - 両者: **名古屋出世クラブ（5月末）** への参加可能性を検討（今西氏が佐藤氏を誘致中）。\n- **次回ミーティング:** **5月16–17日頃**、佐藤氏静岡帰省時に **対面** で実施予定。\n- **プライベート文脈（会話に出た事実の記録・紹介判断とは分離）:** 婚活、飯田氏からの占い（**32歳で結婚** 等）、保険担当の高校同級生からの紹介の動きなどが要約に含まれる。**取り扱い注意。本人確認のうえ参照。**\n\n#### 抽出された課題（事実：会話で言及）\n\n- テレアポ用リスト作成の **手作業負荷**（約1時間100件ペース）。\n- 求人媒体からの自動取得は **技術** に加え **利用規約・法的リスク（二次利用）** の確認が必要、との合意。\n- Google マイビジネス／公開情報は **二次利用禁止** の話題があり、個人事業主リストは **取得経路の設計** が課題。\n\n#### 仮説（tugilo視点）\n\n- **課題①:** リスト作成が **コンサル本業とリソース競合** している。**根拠:** 手作業1時間100件の共有。**構造（仮説）:** リード前処理が属人・手作業 → 営業・提案に振る時間が圧迫 → スケールしにくい。\n- **課題②:** データ取得は **「作れるか」より「取ってよいか」** が先に決まる。**根拠:** スクレイピング・API の **法的リスク確認** が合意事項。**構造（仮説）:** 技術要件とコンプライアンスが分離できないと、開発が進んでも運用不能になりうる。\n- **シナジー:** 「採用」周辺に **通知・進捗・フォロー** のデジタル化が横展開しうる。**根拠:** 三並び案件で **メールを見ない大学生** と通知ニーズの共有。**仮説**としての展開可能性。\n\n#### 次アクション\n\n- 次廣: 技術調査・法務・規約リスク整理・提案準備。\n- 佐藤: 帰省日程確定後に連絡 → 5/16–17頃 対面設定。\n- 双方: 名古屋出世クラブ（5月末）参加の検討。', '2026-04-07 03:35:52', '2026-04-07 04:50:02'),
(12, 1, 37, 67, NULL, '2026-04-08 09:00:00', '2026-04-08 09:00:00', '2026-04-08 10:00:00', 'completed', '【第1回 1to1 実施メモ — ソース: docs/meetings/1to1/1to1_yonezawa_yuka_comechan_design.md】\n実施: 2026-04-08（水）JST 09:00–10:00（1時間）／オーナー: 次廣 淳 → 対象: 米澤 侑桂（Comechan Design）\n\n■ サマリ\n・米澤: デザイン〜コーディング・実装まで一貫対応可能（Webデザイナー兼エンジニア）を確認。\n・学生向け求人サイトアプリ化（来週契約予定）: フロントのデザイン・コーディングを米澤へ依頼する方向で合意。\n・古紙回収 LINE: リッチメニュー2件（法人用・個人用）を米澤へ依頼決定。\n・価格: リッチメニュー 4,000〜5,000円/枚、LPは規模に応じ工数ベース見積もり（合意）。\n\n■ 確定協業（体制）\n次廣のシステム開発案件に、米澤がデザイン・コーディング・実装（フロント中心）で協業開始に合意。\n求人サイト: 次廣はアプリ基盤・契約・バックエンド/通知、米澤はフロントのデザイン・コーディング。\nリッチメニュー: 米澤が制作、次廣が要件（腰回収LINEの運用コンテキスト）。\n\n■ 求人サイトアプリ化（概要）\n既存PHP WebをWebViewでアプリ化、メール開封率の課題にプッシュ通知。技術: WebView、Flutter検討中（RNとの選定は保留）。オープン予定は要確認（ドキュメントは2026年4月目安）。下部リッチメニュー風ナビ＋Web表示など。詳細仕様は契約・打ち合わせ後。\n\n■ スキル確認（抜粋）\nTailwind、JSフレームワーク（RN含む）、レスポンシブ、アプリデザイン経験。AI: Claude Code / ChatGPT / Gemini。業務委託2社・クラウドワークス経由2年以上。講師卒業後は余裕、個人案件で共創を増やしたい意向。\n\n■ 次アクション（次廣）\n契約後に求人サイトの具体仕様を再打ち合わせ。至急: リッチメニュー2件の要件共有。次回MTG: 契約完了後の詳細打ち合わせ。\n\n■ 次アクション（米澤）\nリッチメニュー制作・納品。詳細打ち合わせ後に求人フロントの見積・スケジュール提示。\n\n■ BNI\nビジター。オリエン2026-04-07（太田氏）。チャプター参加は例会201（2026-03-17）・204（2026-04-07）で2回。', '2026-04-08 01:09:53', '2026-04-08 01:14:20');

-- --------------------------------------------------------

--
-- テーブルの構造 `participants`
--

CREATE TABLE `participants` (
  `id` bigint(20) UNSIGNED NOT NULL,
  `meeting_id` bigint(20) UNSIGNED NOT NULL,
  `member_id` bigint(20) UNSIGNED NOT NULL,
  `type` varchar(20) NOT NULL,
  `introducer_member_id` bigint(20) UNSIGNED DEFAULT NULL,
  `attendant_member_id` bigint(20) UNSIGNED DEFAULT NULL,
  `created_at` timestamp NULL DEFAULT NULL,
  `updated_at` timestamp NULL DEFAULT NULL
) ENGINE=InnoDB DEFAULT CHARSET=utf8mb4 COLLATE=utf8mb4_unicode_ci;

--
-- テーブルのデータのダンプ `participants`
--

INSERT INTO `participants` (`id`, `meeting_id`, `member_id`, `type`, `introducer_member_id`, `attendant_member_id`, `created_at`, `updated_at`) VALUES
(1, 1, 1, 'member', NULL, NULL, '2026-03-03 00:34:23', '2026-03-03 00:34:23'),
(2, 1, 2, 'member', NULL, NULL, '2026-03-03 00:34:23', '2026-03-03 00:34:23'),
(3, 1, 3, 'member', NULL, NULL, '2026-03-03 00:34:23', '2026-03-03 00:34:23'),
(4, 1, 4, 'member', NULL, NULL, '2026-03-03 00:34:23', '2026-03-03 00:34:23'),
(5, 1, 5, 'member', NULL, NULL, '2026-03-03 00:34:23', '2026-03-03 00:34:23'),
(6, 1, 6, 'member', NULL, NULL, '2026-03-03 00:34:23', '2026-03-03 00:34:23'),
(7, 1, 7, 'member', NULL, NULL, '2026-03-03 00:34:23', '2026-03-03 00:34:23'),
(8, 1, 8, 'member', NULL, NULL, '2026-03-03 00:34:23', '2026-03-03 00:34:23'),
(9, 1, 9, 'member', NULL, NULL, '2026-03-03 00:34:23', '2026-03-03 00:34:23'),
(10, 1, 10, 'member', NULL, NULL, '2026-03-03 00:34:23', '2026-03-03 00:34:23'),
(11, 1, 11, 'member', NULL, NULL, '2026-03-03 00:34:23', '2026-03-03 00:34:23'),
(12, 1, 12, 'member', NULL, NULL, '2026-03-03 00:34:23', '2026-03-03 00:34:23'),
(13, 1, 13, 'member', NULL, NULL, '2026-03-03 00:34:23', '2026-03-03 00:34:23'),
(14, 1, 14, 'member', NULL, NULL, '2026-03-03 00:34:23', '2026-03-03 00:34:23'),
(15, 1, 15, 'member', NULL, NULL, '2026-03-03 00:34:23', '2026-03-03 00:34:23'),
(16, 1, 16, 'member', NULL, NULL, '2026-03-03 00:34:23', '2026-03-03 00:34:23'),
(17, 1, 17, 'member', NULL, NULL, '2026-03-03 00:34:23', '2026-03-03 00:34:23'),
(18, 1, 18, 'member', NULL, NULL, '2026-03-03 00:34:23', '2026-03-03 00:34:23'),
(19, 1, 19, 'member', NULL, NULL, '2026-03-03 00:34:23', '2026-03-03 00:34:23'),
(20, 1, 20, 'member', NULL, NULL, '2026-03-03 00:34:23', '2026-03-03 00:34:23'),
(21, 1, 21, 'member', NULL, NULL, '2026-03-03 00:34:23', '2026-03-03 00:34:23'),
(22, 1, 22, 'member', NULL, NULL, '2026-03-03 00:34:23', '2026-03-03 00:34:23'),
(23, 1, 23, 'member', NULL, NULL, '2026-03-03 00:34:23', '2026-03-03 00:34:23'),
(24, 1, 24, 'member', NULL, NULL, '2026-03-03 00:34:23', '2026-03-03 00:34:23'),
(25, 1, 25, 'member', NULL, NULL, '2026-03-03 00:34:23', '2026-03-03 00:34:23'),
(26, 1, 26, 'member', NULL, NULL, '2026-03-03 00:34:23', '2026-03-03 00:34:23'),
(27, 1, 27, 'member', NULL, NULL, '2026-03-03 00:34:23', '2026-03-03 00:34:23'),
(28, 1, 28, 'member', NULL, NULL, '2026-03-03 00:34:23', '2026-03-03 00:34:23'),
(29, 1, 29, 'member', NULL, NULL, '2026-03-03 00:34:23', '2026-03-03 00:34:23'),
(30, 1, 30, 'member', NULL, NULL, '2026-03-03 00:34:23', '2026-03-03 00:34:23'),
(31, 1, 31, 'member', NULL, NULL, '2026-03-03 00:34:23', '2026-03-03 00:34:23'),
(32, 1, 32, 'member', NULL, NULL, '2026-03-03 00:34:23', '2026-03-03 00:34:23'),
(33, 1, 33, 'member', NULL, NULL, '2026-03-03 00:34:23', '2026-03-03 00:34:23'),
(34, 1, 34, 'member', NULL, NULL, '2026-03-03 00:34:23', '2026-03-03 00:34:23'),
(35, 1, 35, 'member', NULL, NULL, '2026-03-03 00:34:23', '2026-03-03 00:34:23'),
(36, 1, 36, 'member', NULL, NULL, '2026-03-03 00:34:23', '2026-03-03 00:34:23'),
(37, 1, 37, 'member', NULL, NULL, '2026-03-03 00:34:23', '2026-03-03 00:34:23'),
(38, 1, 38, 'member', NULL, NULL, '2026-03-03 00:34:23', '2026-03-03 00:34:23'),
(39, 1, 39, 'member', NULL, NULL, '2026-03-03 00:34:23', '2026-03-03 00:34:23'),
(40, 1, 40, 'member', NULL, NULL, '2026-03-03 00:34:23', '2026-03-03 00:34:23'),
(41, 1, 41, 'member', NULL, NULL, '2026-03-03 00:34:23', '2026-03-03 00:34:23'),
(42, 1, 42, 'member', NULL, NULL, '2026-03-03 00:34:23', '2026-03-03 00:34:23'),
(43, 1, 43, 'member', NULL, NULL, '2026-03-03 00:34:23', '2026-03-03 00:34:23'),
(44, 1, 44, 'member', NULL, NULL, '2026-03-03 00:34:23', '2026-03-03 00:34:23'),
(45, 1, 45, 'member', NULL, NULL, '2026-03-03 00:34:23', '2026-03-03 00:34:23'),
(46, 1, 46, 'member', NULL, NULL, '2026-03-03 00:34:23', '2026-03-03 00:34:23'),
(47, 1, 47, 'member', NULL, NULL, '2026-03-03 00:34:23', '2026-03-03 00:34:23'),
(48, 1, 48, 'member', NULL, NULL, '2026-03-03 00:34:23', '2026-03-03 00:34:23'),
(49, 1, 49, 'member', NULL, NULL, '2026-03-03 00:34:23', '2026-03-03 00:34:23'),
(50, 1, 50, 'member', NULL, NULL, '2026-03-03 00:34:23', '2026-03-03 00:34:23'),
(51, 1, 51, 'member', NULL, NULL, '2026-03-03 00:34:23', '2026-03-03 00:34:23'),
(52, 1, 52, 'member', NULL, NULL, '2026-03-03 00:34:23', '2026-03-03 00:34:23'),
(53, 1, 53, 'member', NULL, NULL, '2026-03-03 00:34:23', '2026-03-03 00:34:23'),
(54, 1, 54, 'member', NULL, NULL, '2026-03-03 00:34:23', '2026-03-03 00:34:23'),
(55, 1, 55, 'visitor', 2, 32, '2026-03-03 00:34:23', '2026-03-03 00:34:23'),
(56, 1, 56, 'visitor', 6, 39, '2026-03-03 00:34:23', '2026-03-03 00:34:23'),
(57, 1, 57, 'visitor', 2, 12, '2026-03-03 00:34:23', '2026-03-03 00:34:23'),
(58, 1, 58, 'visitor', 1, 1, '2026-03-03 00:34:23', '2026-03-03 00:34:23'),
(59, 1, 59, 'visitor', 7, 21, '2026-03-03 00:34:23', '2026-03-03 00:34:23'),
(60, 1, 60, 'guest', 25, 51, '2026-03-03 00:34:23', '2026-03-03 00:34:23'),
(61, 1, 61, 'guest', 18, 50, '2026-03-03 00:34:23', '2026-03-03 00:34:23'),
(62, 1, 62, 'guest', 17, 30, '2026-03-03 00:34:23', '2026-03-03 00:34:23'),
(63, 1, 63, 'guest', 46, 35, '2026-03-03 00:34:23', '2026-03-03 00:34:23'),
(64, 2, 1, 'regular', NULL, NULL, '2026-03-10 00:40:14', '2026-03-10 00:40:14'),
(65, 2, 2, 'regular', NULL, NULL, '2026-03-10 00:40:14', '2026-03-10 00:40:14'),
(66, 2, 3, 'regular', NULL, NULL, '2026-03-10 00:40:14', '2026-03-10 00:40:14'),
(67, 2, 4, 'regular', NULL, NULL, '2026-03-10 00:40:14', '2026-03-10 00:40:14'),
(68, 2, 5, 'regular', NULL, NULL, '2026-03-10 00:40:14', '2026-03-10 00:40:14'),
(69, 2, 6, 'regular', NULL, NULL, '2026-03-10 00:40:14', '2026-03-10 00:40:14'),
(70, 2, 7, 'regular', NULL, NULL, '2026-03-10 00:40:14', '2026-03-10 00:40:14'),
(71, 2, 8, 'regular', NULL, NULL, '2026-03-10 00:40:14', '2026-03-10 00:40:14'),
(72, 2, 9, 'regular', NULL, NULL, '2026-03-10 00:40:14', '2026-03-10 00:40:14'),
(73, 2, 10, 'regular', NULL, NULL, '2026-03-10 00:40:14', '2026-03-10 00:40:14'),
(74, 2, 11, 'regular', NULL, NULL, '2026-03-10 00:40:14', '2026-03-10 00:40:14'),
(75, 2, 12, 'regular', NULL, NULL, '2026-03-10 00:40:14', '2026-03-10 00:40:14'),
(76, 2, 13, 'regular', NULL, NULL, '2026-03-10 00:40:14', '2026-03-10 00:40:14'),
(77, 2, 14, 'regular', NULL, NULL, '2026-03-10 00:40:14', '2026-03-10 00:40:14'),
(78, 2, 15, 'regular', NULL, NULL, '2026-03-10 00:40:14', '2026-03-10 00:40:14'),
(79, 2, 16, 'regular', NULL, NULL, '2026-03-10 00:40:14', '2026-03-10 00:40:14'),
(80, 2, 17, 'regular', NULL, NULL, '2026-03-10 00:40:14', '2026-03-10 00:40:14'),
(81, 2, 18, 'regular', NULL, NULL, '2026-03-10 00:40:14', '2026-03-10 00:40:14'),
(82, 2, 19, 'regular', NULL, NULL, '2026-03-10 00:40:14', '2026-03-10 00:40:14'),
(83, 2, 20, 'regular', NULL, NULL, '2026-03-10 00:40:14', '2026-03-10 00:40:14'),
(84, 2, 21, 'regular', NULL, NULL, '2026-03-10 00:40:14', '2026-03-10 00:40:14'),
(85, 2, 22, 'regular', NULL, NULL, '2026-03-10 00:40:14', '2026-03-10 00:40:14'),
(86, 2, 23, 'regular', NULL, NULL, '2026-03-10 00:40:14', '2026-03-10 00:40:14'),
(87, 2, 24, 'regular', NULL, NULL, '2026-03-10 00:40:14', '2026-03-10 00:40:14'),
(88, 2, 25, 'regular', NULL, NULL, '2026-03-10 00:40:14', '2026-03-10 00:40:14'),
(89, 2, 26, 'regular', NULL, NULL, '2026-03-10 00:40:14', '2026-03-10 00:40:14'),
(90, 2, 27, 'regular', NULL, NULL, '2026-03-10 00:40:14', '2026-03-10 00:40:14'),
(91, 2, 28, 'regular', NULL, NULL, '2026-03-10 00:40:14', '2026-03-10 00:40:14'),
(92, 2, 29, 'regular', NULL, NULL, '2026-03-10 00:40:14', '2026-03-10 00:40:14'),
(93, 2, 30, 'regular', NULL, NULL, '2026-03-10 00:40:14', '2026-03-10 00:40:14'),
(94, 2, 31, 'regular', NULL, NULL, '2026-03-10 00:40:14', '2026-03-10 00:40:14'),
(95, 2, 32, 'regular', NULL, NULL, '2026-03-10 00:40:14', '2026-03-10 00:40:14'),
(96, 2, 33, 'regular', NULL, NULL, '2026-03-10 00:40:14', '2026-03-10 00:40:14'),
(97, 2, 34, 'regular', NULL, NULL, '2026-03-10 00:40:14', '2026-03-10 00:40:14'),
(98, 2, 35, 'regular', NULL, NULL, '2026-03-10 00:40:14', '2026-03-10 00:40:14'),
(99, 2, 36, 'regular', NULL, NULL, '2026-03-10 00:40:14', '2026-03-10 00:40:14'),
(100, 2, 37, 'regular', NULL, NULL, '2026-03-10 00:40:14', '2026-03-10 00:40:14'),
(101, 2, 38, 'regular', NULL, NULL, '2026-03-10 00:40:14', '2026-03-10 00:40:14'),
(102, 2, 39, 'regular', NULL, NULL, '2026-03-10 00:40:14', '2026-03-10 00:40:14'),
(103, 2, 40, 'regular', NULL, NULL, '2026-03-10 00:40:14', '2026-03-10 00:40:14'),
(104, 2, 41, 'regular', NULL, NULL, '2026-03-10 00:40:14', '2026-03-10 00:40:14'),
(105, 2, 42, 'regular', NULL, NULL, '2026-03-10 00:40:14', '2026-03-10 00:40:14'),
(106, 2, 43, 'regular', NULL, NULL, '2026-03-10 00:40:14', '2026-03-10 00:40:14'),
(107, 2, 44, 'regular', NULL, NULL, '2026-03-10 00:40:14', '2026-03-10 00:40:14'),
(108, 2, 45, 'regular', NULL, NULL, '2026-03-10 00:40:14', '2026-03-10 00:40:14'),
(109, 2, 46, 'regular', NULL, NULL, '2026-03-10 00:40:14', '2026-03-10 00:40:14'),
(110, 2, 47, 'regular', NULL, NULL, '2026-03-10 00:40:14', '2026-03-10 00:40:14'),
(111, 2, 48, 'regular', NULL, NULL, '2026-03-10 00:40:14', '2026-03-10 00:40:14'),
(112, 2, 49, 'regular', NULL, NULL, '2026-03-10 00:40:14', '2026-03-10 00:40:14'),
(113, 2, 50, 'regular', NULL, NULL, '2026-03-10 00:40:14', '2026-03-10 00:40:14'),
(114, 2, 51, 'regular', NULL, NULL, '2026-03-10 00:40:14', '2026-03-10 00:40:14'),
(115, 2, 52, 'regular', NULL, NULL, '2026-03-10 00:40:14', '2026-03-10 00:40:14'),
(116, 2, 53, 'regular', NULL, NULL, '2026-03-10 00:40:14', '2026-03-10 00:40:14'),
(117, 2, 54, 'regular', NULL, NULL, '2026-03-10 00:40:14', '2026-03-10 00:40:14'),
(118, 2, 55, 'visitor', 2, 35, '2026-03-10 00:40:14', '2026-03-10 00:40:14'),
(119, 2, 56, 'visitor', 2, 2, '2026-03-10 00:40:14', '2026-03-10 00:40:14'),
(120, 2, 57, 'visitor', 13, 13, '2026-03-10 00:40:14', '2026-03-10 00:40:14'),
(121, 2, 64, 'proxy', 26, NULL, '2026-03-10 00:40:14', '2026-03-10 00:40:14'),
(122, 2, 60, 'guest', 2, NULL, '2026-03-10 00:40:14', '2026-03-10 00:40:14'),
(123, 3, 1, 'regular', NULL, NULL, '2026-03-16 23:42:36', '2026-03-16 23:42:36'),
(124, 3, 2, 'regular', NULL, NULL, '2026-03-16 23:42:37', '2026-03-16 23:42:37'),
(125, 3, 3, 'regular', NULL, NULL, '2026-03-16 23:42:37', '2026-03-16 23:42:37'),
(126, 3, 4, 'regular', NULL, NULL, '2026-03-16 23:42:37', '2026-03-16 23:42:37'),
(127, 3, 5, 'regular', NULL, NULL, '2026-03-16 23:42:37', '2026-03-16 23:42:37'),
(128, 3, 6, 'regular', NULL, NULL, '2026-03-16 23:42:37', '2026-03-16 23:42:37'),
(129, 3, 7, 'regular', NULL, NULL, '2026-03-16 23:42:37', '2026-03-16 23:42:37'),
(130, 3, 8, 'regular', NULL, NULL, '2026-03-16 23:42:37', '2026-03-16 23:42:37'),
(131, 3, 9, 'regular', NULL, NULL, '2026-03-16 23:42:37', '2026-03-16 23:42:37'),
(132, 3, 10, 'regular', NULL, NULL, '2026-03-16 23:42:37', '2026-03-16 23:42:37'),
(133, 3, 11, 'regular', NULL, NULL, '2026-03-16 23:42:37', '2026-03-16 23:42:37'),
(134, 3, 12, 'regular', NULL, NULL, '2026-03-16 23:42:37', '2026-03-16 23:42:37'),
(135, 3, 13, 'regular', NULL, NULL, '2026-03-16 23:42:37', '2026-03-16 23:42:37'),
(136, 3, 14, 'regular', NULL, NULL, '2026-03-16 23:42:37', '2026-03-16 23:42:37'),
(137, 3, 15, 'regular', NULL, NULL, '2026-03-16 23:42:37', '2026-03-16 23:42:37'),
(138, 3, 16, 'regular', NULL, NULL, '2026-03-16 23:42:37', '2026-03-16 23:42:37'),
(139, 3, 17, 'regular', NULL, NULL, '2026-03-16 23:42:37', '2026-03-16 23:42:37'),
(140, 3, 18, 'regular', NULL, NULL, '2026-03-16 23:42:37', '2026-03-16 23:42:37'),
(141, 3, 19, 'regular', NULL, NULL, '2026-03-16 23:42:37', '2026-03-16 23:42:37'),
(142, 3, 20, 'regular', NULL, NULL, '2026-03-16 23:42:37', '2026-03-16 23:42:37'),
(143, 3, 21, 'regular', NULL, NULL, '2026-03-16 23:42:37', '2026-03-16 23:42:37'),
(144, 3, 22, 'regular', NULL, NULL, '2026-03-16 23:42:37', '2026-03-16 23:42:37'),
(145, 3, 23, 'regular', NULL, NULL, '2026-03-16 23:42:37', '2026-03-16 23:42:37'),
(146, 3, 24, 'regular', NULL, NULL, '2026-03-16 23:42:37', '2026-03-16 23:42:37'),
(147, 3, 25, 'regular', NULL, NULL, '2026-03-16 23:42:37', '2026-03-16 23:42:37'),
(148, 3, 26, 'regular', NULL, NULL, '2026-03-16 23:42:37', '2026-03-16 23:42:37'),
(149, 3, 27, 'regular', NULL, NULL, '2026-03-16 23:42:37', '2026-03-16 23:42:37'),
(150, 3, 28, 'regular', NULL, NULL, '2026-03-16 23:42:37', '2026-03-16 23:42:37'),
(151, 3, 29, 'regular', NULL, NULL, '2026-03-16 23:42:37', '2026-03-16 23:42:37'),
(152, 3, 30, 'regular', NULL, NULL, '2026-03-16 23:42:37', '2026-03-16 23:42:37'),
(153, 3, 31, 'regular', NULL, NULL, '2026-03-16 23:42:37', '2026-03-16 23:42:37'),
(154, 3, 32, 'regular', NULL, NULL, '2026-03-16 23:42:37', '2026-03-16 23:42:37'),
(155, 3, 33, 'regular', NULL, NULL, '2026-03-16 23:42:37', '2026-03-16 23:42:37'),
(156, 3, 34, 'regular', NULL, NULL, '2026-03-16 23:42:37', '2026-03-16 23:42:37'),
(157, 3, 35, 'regular', NULL, NULL, '2026-03-16 23:42:37', '2026-03-16 23:42:37'),
(158, 3, 36, 'regular', NULL, NULL, '2026-03-16 23:42:37', '2026-03-16 23:42:37'),
(159, 3, 37, 'regular', NULL, NULL, '2026-03-16 23:42:37', '2026-03-16 23:42:37'),
(160, 3, 38, 'regular', NULL, NULL, '2026-03-16 23:42:37', '2026-03-16 23:42:37'),
(161, 3, 39, 'regular', NULL, NULL, '2026-03-16 23:42:37', '2026-03-16 23:42:37'),
(162, 3, 40, 'regular', NULL, NULL, '2026-03-16 23:42:37', '2026-03-16 23:42:37'),
(163, 3, 41, 'regular', NULL, NULL, '2026-03-16 23:42:37', '2026-03-16 23:42:37'),
(164, 3, 42, 'regular', NULL, NULL, '2026-03-16 23:42:37', '2026-03-16 23:42:37'),
(165, 3, 43, 'regular', NULL, NULL, '2026-03-16 23:42:37', '2026-03-16 23:42:37'),
(166, 3, 44, 'regular', NULL, NULL, '2026-03-16 23:42:37', '2026-03-16 23:42:37'),
(167, 3, 45, 'regular', NULL, NULL, '2026-03-16 23:42:37', '2026-03-16 23:42:37'),
(168, 3, 46, 'regular', NULL, NULL, '2026-03-16 23:42:37', '2026-03-16 23:42:37'),
(169, 3, 47, 'regular', NULL, NULL, '2026-03-16 23:42:37', '2026-03-16 23:42:37'),
(170, 3, 48, 'regular', NULL, NULL, '2026-03-16 23:42:37', '2026-03-16 23:42:37'),
(171, 3, 49, 'regular', NULL, NULL, '2026-03-16 23:42:37', '2026-03-16 23:42:37'),
(172, 3, 50, 'regular', NULL, NULL, '2026-03-16 23:42:37', '2026-03-16 23:42:37'),
(173, 3, 51, 'regular', NULL, NULL, '2026-03-16 23:42:37', '2026-03-16 23:42:37'),
(174, 3, 52, 'regular', NULL, NULL, '2026-03-16 23:42:37', '2026-03-16 23:42:37'),
(175, 3, 53, 'regular', NULL, NULL, '2026-03-16 23:42:37', '2026-03-16 23:42:37'),
(176, 3, 54, 'regular', NULL, NULL, '2026-03-16 23:42:37', '2026-03-16 23:42:37'),
(177, 3, 65, 'regular', NULL, NULL, '2026-03-16 23:42:37', '2026-03-16 23:42:37'),
(178, 3, 55, 'visitor', 13, NULL, '2026-03-16 23:42:37', '2026-03-16 23:42:37'),
(179, 3, 56, 'visitor', 39, NULL, '2026-03-16 23:42:37', '2026-03-16 23:42:37'),
(180, 3, 57, 'visitor', 21, NULL, '2026-03-16 23:42:37', '2026-03-16 23:42:37'),
(181, 3, 58, 'visitor', 21, NULL, '2026-03-16 23:42:37', '2026-03-16 23:42:37'),
(182, 3, 59, 'visitor', 21, NULL, '2026-03-16 23:42:37', '2026-03-16 23:42:37'),
(183, 3, 66, 'visitor', 21, NULL, '2026-03-16 23:42:37', '2026-03-16 23:42:37'),
(184, 3, 67, 'visitor', 21, NULL, '2026-03-16 23:42:37', '2026-03-16 23:42:37'),
(185, 3, 68, 'visitor', 21, NULL, '2026-03-16 23:42:37', '2026-03-16 23:42:37'),
(186, 3, 69, 'visitor', 51, NULL, '2026-03-16 23:42:37', '2026-03-16 23:42:37'),
(187, 3, 70, 'visitor', 2, NULL, '2026-03-16 23:42:37', '2026-03-16 23:42:37'),
(188, 3, 71, 'visitor', 40, NULL, '2026-03-16 23:42:37', '2026-03-16 23:42:37'),
(189, 3, 72, 'visitor', 27, NULL, '2026-03-16 23:42:37', '2026-03-16 23:42:37'),
(190, 3, 73, 'visitor', 10, NULL, '2026-03-16 23:42:37', '2026-03-16 23:42:37'),
(191, 3, 74, 'visitor', 49, NULL, '2026-03-16 23:42:37', '2026-03-16 23:42:37'),
(192, 3, 75, 'visitor', 27, NULL, '2026-03-16 23:42:37', '2026-03-16 23:42:37'),
(193, 3, 64, 'proxy', 18, NULL, '2026-03-16 23:42:37', '2026-03-16 23:42:37'),
(194, 3, 76, 'proxy', 4, NULL, '2026-03-16 23:42:37', '2026-03-16 23:42:37'),
(195, 3, 77, 'proxy', 6, NULL, '2026-03-16 23:42:37', '2026-03-16 23:42:37'),
(196, 3, 60, 'guest', 20, NULL, '2026-03-16 23:42:37', '2026-03-16 23:42:37'),
(197, 3, 61, 'guest', 21, NULL, '2026-03-16 23:42:37', '2026-03-16 23:42:37'),
(198, 4, 1, 'regular', NULL, NULL, '2026-03-23 12:34:34', '2026-03-23 12:34:34'),
(199, 4, 2, 'regular', NULL, NULL, '2026-03-23 12:34:34', '2026-03-23 12:34:34'),
(200, 4, 3, 'regular', NULL, NULL, '2026-03-23 12:34:34', '2026-03-23 12:34:34'),
(201, 4, 4, 'regular', NULL, NULL, '2026-03-23 12:34:34', '2026-03-23 12:34:34'),
(202, 4, 5, 'regular', NULL, NULL, '2026-03-23 12:34:34', '2026-03-23 12:34:34'),
(203, 4, 6, 'regular', NULL, NULL, '2026-03-23 12:34:34', '2026-03-23 12:34:34'),
(204, 4, 7, 'regular', NULL, NULL, '2026-03-23 12:34:34', '2026-03-23 12:34:34'),
(205, 4, 8, 'regular', NULL, NULL, '2026-03-23 12:34:34', '2026-03-23 12:34:34'),
(206, 4, 9, 'regular', NULL, NULL, '2026-03-23 12:34:34', '2026-03-23 12:34:34'),
(207, 4, 10, 'regular', NULL, NULL, '2026-03-23 12:34:34', '2026-03-23 12:34:34'),
(208, 4, 11, 'regular', NULL, NULL, '2026-03-23 12:34:34', '2026-03-23 12:34:34'),
(209, 4, 12, 'regular', NULL, NULL, '2026-03-23 12:34:34', '2026-03-23 12:34:34'),
(210, 4, 13, 'regular', NULL, NULL, '2026-03-23 12:34:34', '2026-03-23 12:34:34'),
(211, 4, 14, 'regular', NULL, NULL, '2026-03-23 12:34:34', '2026-03-23 12:34:34'),
(212, 4, 15, 'regular', NULL, NULL, '2026-03-23 12:34:34', '2026-03-23 12:34:34'),
(213, 4, 16, 'regular', NULL, NULL, '2026-03-23 12:34:34', '2026-03-23 12:34:34'),
(214, 4, 17, 'regular', NULL, NULL, '2026-03-23 12:34:34', '2026-03-23 12:34:34'),
(215, 4, 18, 'regular', NULL, NULL, '2026-03-23 12:34:34', '2026-03-23 12:34:34'),
(216, 4, 19, 'regular', NULL, NULL, '2026-03-23 12:34:34', '2026-03-23 12:34:34'),
(217, 4, 20, 'regular', NULL, NULL, '2026-03-23 12:34:34', '2026-03-23 12:34:34'),
(218, 4, 21, 'regular', NULL, NULL, '2026-03-23 12:34:34', '2026-03-23 12:34:34'),
(219, 4, 22, 'regular', NULL, NULL, '2026-03-23 12:34:34', '2026-03-23 12:34:34'),
(220, 4, 23, 'regular', NULL, NULL, '2026-03-23 12:34:34', '2026-03-23 12:34:34'),
(221, 4, 24, 'regular', NULL, NULL, '2026-03-23 12:34:34', '2026-03-23 12:34:34'),
(222, 4, 25, 'regular', NULL, NULL, '2026-03-23 12:34:34', '2026-03-23 12:34:34'),
(223, 4, 26, 'regular', NULL, NULL, '2026-03-23 12:34:34', '2026-03-23 12:34:34'),
(224, 4, 27, 'regular', NULL, NULL, '2026-03-23 12:34:34', '2026-03-23 12:34:34'),
(225, 4, 28, 'regular', NULL, NULL, '2026-03-23 12:34:34', '2026-03-23 12:34:34'),
(226, 4, 29, 'regular', NULL, NULL, '2026-03-23 12:34:34', '2026-03-23 12:34:34'),
(227, 4, 30, 'regular', NULL, NULL, '2026-03-23 12:34:34', '2026-03-23 12:34:34'),
(228, 4, 31, 'regular', NULL, NULL, '2026-03-23 12:34:34', '2026-03-23 12:34:34'),
(229, 4, 32, 'regular', NULL, NULL, '2026-03-23 12:34:34', '2026-03-23 12:34:34'),
(230, 4, 33, 'regular', NULL, NULL, '2026-03-23 12:34:34', '2026-03-23 12:34:34'),
(231, 4, 34, 'regular', NULL, NULL, '2026-03-23 12:34:34', '2026-03-23 12:34:34'),
(232, 4, 35, 'regular', NULL, NULL, '2026-03-23 12:34:34', '2026-03-23 12:34:34'),
(233, 4, 36, 'regular', NULL, NULL, '2026-03-23 12:34:34', '2026-03-23 12:34:34'),
(234, 4, 37, 'regular', NULL, NULL, '2026-03-23 12:34:34', '2026-03-23 12:34:34'),
(235, 4, 38, 'regular', NULL, NULL, '2026-03-23 12:34:34', '2026-03-23 12:34:34'),
(236, 4, 39, 'regular', NULL, NULL, '2026-03-23 12:34:34', '2026-03-23 12:34:34'),
(237, 4, 40, 'regular', NULL, NULL, '2026-03-23 12:34:34', '2026-03-23 12:34:34'),
(238, 4, 41, 'regular', NULL, NULL, '2026-03-23 12:34:34', '2026-03-23 12:34:34'),
(239, 4, 42, 'regular', NULL, NULL, '2026-03-23 12:34:34', '2026-03-23 12:34:34'),
(240, 4, 43, 'regular', NULL, NULL, '2026-03-23 12:34:34', '2026-03-23 12:34:34'),
(241, 4, 44, 'regular', NULL, NULL, '2026-03-23 12:34:34', '2026-03-23 12:34:34'),
(242, 4, 45, 'regular', NULL, NULL, '2026-03-23 12:34:34', '2026-03-23 12:34:34'),
(243, 4, 46, 'regular', NULL, NULL, '2026-03-23 12:34:34', '2026-03-23 12:34:34'),
(244, 4, 47, 'regular', NULL, NULL, '2026-03-23 12:34:34', '2026-03-23 12:34:34'),
(245, 4, 48, 'regular', NULL, NULL, '2026-03-23 12:34:34', '2026-03-23 12:34:34'),
(246, 4, 49, 'regular', NULL, NULL, '2026-03-23 12:34:34', '2026-03-23 12:34:34'),
(247, 4, 50, 'regular', NULL, NULL, '2026-03-23 12:34:34', '2026-03-23 12:34:34'),
(248, 4, 51, 'regular', NULL, NULL, '2026-03-23 12:34:34', '2026-03-23 12:34:34'),
(249, 4, 52, 'regular', NULL, NULL, '2026-03-23 12:34:34', '2026-03-23 12:34:34'),
(250, 4, 53, 'regular', NULL, NULL, '2026-03-23 12:34:34', '2026-03-23 12:34:34'),
(251, 4, 54, 'regular', NULL, NULL, '2026-03-23 12:34:34', '2026-03-23 12:34:34'),
(252, 4, 65, 'regular', NULL, NULL, '2026-03-23 12:34:34', '2026-03-23 12:34:34'),
(253, 4, 55, 'visitor', 50, NULL, '2026-03-23 12:34:34', '2026-03-23 12:34:34'),
(254, 4, 56, 'visitor', 17, NULL, '2026-03-23 12:34:34', '2026-03-23 12:34:34'),
(255, 4, 57, 'visitor', 29, NULL, '2026-03-23 12:34:34', '2026-03-23 12:34:34'),
(256, 4, 64, 'proxy', 46, 39, '2026-03-23 12:34:34', '2026-03-23 12:34:34'),
(257, 4, 60, 'guest', 18, NULL, '2026-03-23 12:34:34', '2026-03-23 12:34:34'),
(258, 6, 1, 'regular', NULL, NULL, '2026-03-31 00:09:20', '2026-03-31 00:09:20'),
(259, 6, 2, 'regular', NULL, NULL, '2026-03-31 00:09:20', '2026-03-31 00:09:20'),
(260, 6, 3, 'regular', NULL, NULL, '2026-03-31 00:09:20', '2026-03-31 00:09:20'),
(261, 6, 4, 'regular', NULL, NULL, '2026-03-31 00:09:20', '2026-03-31 00:09:20'),
(262, 6, 5, 'regular', NULL, NULL, '2026-03-31 00:09:20', '2026-03-31 00:09:20'),
(263, 6, 6, 'regular', NULL, NULL, '2026-03-31 00:09:20', '2026-03-31 00:09:20'),
(264, 6, 7, 'regular', NULL, NULL, '2026-03-31 00:09:20', '2026-03-31 00:09:20'),
(265, 6, 8, 'regular', NULL, NULL, '2026-03-31 00:09:20', '2026-03-31 00:09:20'),
(266, 6, 9, 'regular', NULL, NULL, '2026-03-31 00:09:20', '2026-03-31 00:09:20'),
(267, 6, 10, 'regular', NULL, NULL, '2026-03-31 00:09:20', '2026-03-31 00:09:20'),
(268, 6, 11, 'regular', NULL, NULL, '2026-03-31 00:09:20', '2026-03-31 00:09:20'),
(269, 6, 12, 'regular', NULL, NULL, '2026-03-31 00:09:20', '2026-03-31 00:09:20'),
(270, 6, 13, 'regular', NULL, NULL, '2026-03-31 00:09:20', '2026-03-31 00:09:20'),
(271, 6, 14, 'regular', NULL, NULL, '2026-03-31 00:09:20', '2026-03-31 00:09:20'),
(272, 6, 15, 'regular', NULL, NULL, '2026-03-31 00:09:20', '2026-03-31 00:09:20'),
(273, 6, 16, 'regular', NULL, NULL, '2026-03-31 00:09:20', '2026-03-31 00:09:20'),
(274, 6, 17, 'regular', NULL, NULL, '2026-03-31 00:09:20', '2026-03-31 00:09:20'),
(275, 6, 18, 'regular', NULL, NULL, '2026-03-31 00:09:20', '2026-03-31 00:09:20'),
(276, 6, 19, 'regular', NULL, NULL, '2026-03-31 00:09:20', '2026-03-31 00:09:20'),
(277, 6, 20, 'regular', NULL, NULL, '2026-03-31 00:09:20', '2026-03-31 00:09:20'),
(278, 6, 21, 'regular', NULL, NULL, '2026-03-31 00:09:20', '2026-03-31 00:09:20'),
(279, 6, 22, 'regular', NULL, NULL, '2026-03-31 00:09:20', '2026-03-31 00:09:20'),
(280, 6, 23, 'regular', NULL, NULL, '2026-03-31 00:09:20', '2026-03-31 00:09:20'),
(281, 6, 24, 'regular', NULL, NULL, '2026-03-31 00:09:20', '2026-03-31 00:09:20'),
(282, 6, 25, 'regular', NULL, NULL, '2026-03-31 00:09:20', '2026-03-31 00:09:20'),
(283, 6, 26, 'regular', NULL, NULL, '2026-03-31 00:09:20', '2026-03-31 00:09:20'),
(284, 6, 27, 'regular', NULL, NULL, '2026-03-31 00:09:20', '2026-03-31 00:09:20'),
(285, 6, 28, 'regular', NULL, NULL, '2026-03-31 00:09:20', '2026-03-31 00:09:20'),
(286, 6, 29, 'regular', NULL, NULL, '2026-03-31 00:09:20', '2026-03-31 00:09:20'),
(287, 6, 30, 'regular', NULL, NULL, '2026-03-31 00:09:20', '2026-03-31 00:09:20'),
(288, 6, 31, 'regular', NULL, NULL, '2026-03-31 00:09:20', '2026-03-31 00:09:20'),
(289, 6, 32, 'regular', NULL, NULL, '2026-03-31 00:09:20', '2026-03-31 00:09:20'),
(290, 6, 33, 'regular', NULL, NULL, '2026-03-31 00:09:20', '2026-03-31 00:09:20'),
(291, 6, 34, 'regular', NULL, NULL, '2026-03-31 00:09:20', '2026-03-31 00:09:20'),
(292, 6, 35, 'regular', NULL, NULL, '2026-03-31 00:09:20', '2026-03-31 00:09:20'),
(293, 6, 36, 'regular', NULL, NULL, '2026-03-31 00:09:20', '2026-03-31 00:09:20'),
(294, 6, 37, 'regular', NULL, NULL, '2026-03-31 00:09:20', '2026-03-31 00:09:20'),
(295, 6, 38, 'regular', NULL, NULL, '2026-03-31 00:09:20', '2026-03-31 00:09:20'),
(296, 6, 39, 'regular', NULL, NULL, '2026-03-31 00:09:20', '2026-03-31 00:09:20'),
(297, 6, 40, 'regular', NULL, NULL, '2026-03-31 00:09:20', '2026-03-31 00:09:20'),
(298, 6, 41, 'regular', NULL, NULL, '2026-03-31 00:09:20', '2026-03-31 00:09:20'),
(299, 6, 42, 'regular', NULL, NULL, '2026-03-31 00:09:20', '2026-03-31 00:09:20'),
(300, 6, 43, 'regular', NULL, NULL, '2026-03-31 00:09:20', '2026-03-31 00:09:20'),
(301, 6, 44, 'regular', NULL, NULL, '2026-03-31 00:09:20', '2026-03-31 00:09:20'),
(302, 6, 45, 'regular', NULL, NULL, '2026-03-31 00:09:20', '2026-03-31 00:09:20'),
(303, 6, 46, 'regular', NULL, NULL, '2026-03-31 00:09:20', '2026-03-31 00:09:20'),
(304, 6, 47, 'regular', NULL, NULL, '2026-03-31 00:09:20', '2026-03-31 00:09:20'),
(305, 6, 48, 'regular', NULL, NULL, '2026-03-31 00:09:20', '2026-03-31 00:09:20'),
(306, 6, 49, 'regular', NULL, NULL, '2026-03-31 00:09:20', '2026-03-31 00:09:20'),
(307, 6, 50, 'regular', NULL, NULL, '2026-03-31 00:09:20', '2026-03-31 00:09:20'),
(308, 6, 51, 'regular', NULL, NULL, '2026-03-31 00:09:20', '2026-03-31 00:09:20'),
(309, 6, 52, 'regular', NULL, NULL, '2026-03-31 00:09:20', '2026-03-31 00:09:20'),
(310, 6, 53, 'regular', NULL, NULL, '2026-03-31 00:09:20', '2026-03-31 00:09:20'),
(311, 6, 54, 'regular', NULL, NULL, '2026-03-31 00:09:20', '2026-03-31 00:09:20'),
(312, 6, 65, 'regular', NULL, NULL, '2026-03-31 00:09:20', '2026-03-31 00:09:20'),
(313, 6, 78, 'regular', NULL, NULL, '2026-03-31 00:09:20', '2026-03-31 00:09:20'),
(314, 6, 55, 'visitor', 11, NULL, '2026-03-31 00:09:20', '2026-03-31 00:09:20'),
(315, 6, 56, 'visitor', 11, NULL, '2026-03-31 00:09:20', '2026-03-31 00:09:20'),
(316, 6, 57, 'visitor', 1, NULL, '2026-03-31 00:09:20', '2026-03-31 00:09:20'),
(317, 6, 58, 'visitor', 46, NULL, '2026-03-31 00:09:20', '2026-03-31 00:09:20'),
(318, 6, 59, 'visitor', 5, NULL, '2026-03-31 00:09:20', '2026-03-31 00:09:20'),
(319, 6, 66, 'visitor', 5, NULL, '2026-03-31 00:09:20', '2026-03-31 00:09:20'),
(320, 6, 64, 'proxy', 17, NULL, '2026-03-31 00:09:20', '2026-03-31 00:09:20'),
(321, 6, 76, 'proxy', 27, NULL, '2026-03-31 00:09:20', '2026-03-31 00:09:20'),
(322, 6, 60, 'guest', 2, NULL, '2026-03-31 00:09:20', '2026-03-31 00:09:20'),
(323, 6, 61, 'guest', 34, NULL, '2026-03-31 00:09:20', '2026-03-31 00:09:20'),
(324, 7, 1, 'regular', NULL, NULL, '2026-04-07 00:04:59', '2026-04-07 00:04:59'),
(325, 7, 2, 'regular', NULL, NULL, '2026-04-07 00:04:59', '2026-04-07 00:04:59'),
(326, 7, 3, 'regular', NULL, NULL, '2026-04-07 00:04:59', '2026-04-07 00:04:59'),
(327, 7, 4, 'regular', NULL, NULL, '2026-04-07 00:04:59', '2026-04-07 00:04:59'),
(328, 7, 5, 'regular', NULL, NULL, '2026-04-07 00:04:59', '2026-04-07 00:04:59'),
(329, 7, 6, 'regular', NULL, NULL, '2026-04-07 00:04:59', '2026-04-07 00:04:59'),
(330, 7, 7, 'regular', NULL, NULL, '2026-04-07 00:04:59', '2026-04-07 00:04:59'),
(331, 7, 8, 'regular', NULL, NULL, '2026-04-07 00:04:59', '2026-04-07 00:04:59'),
(332, 7, 9, 'regular', NULL, NULL, '2026-04-07 00:04:59', '2026-04-07 00:04:59'),
(333, 7, 10, 'regular', NULL, NULL, '2026-04-07 00:04:59', '2026-04-07 00:04:59'),
(334, 7, 11, 'regular', NULL, NULL, '2026-04-07 00:04:59', '2026-04-07 00:04:59'),
(335, 7, 12, 'regular', NULL, NULL, '2026-04-07 00:04:59', '2026-04-07 00:04:59'),
(336, 7, 13, 'regular', NULL, NULL, '2026-04-07 00:04:59', '2026-04-07 00:04:59'),
(337, 7, 14, 'regular', NULL, NULL, '2026-04-07 00:04:59', '2026-04-07 00:04:59'),
(338, 7, 15, 'regular', NULL, NULL, '2026-04-07 00:04:59', '2026-04-07 00:04:59'),
(339, 7, 16, 'regular', NULL, NULL, '2026-04-07 00:04:59', '2026-04-07 00:04:59'),
(340, 7, 17, 'regular', NULL, NULL, '2026-04-07 00:04:59', '2026-04-07 00:04:59'),
(341, 7, 18, 'regular', NULL, NULL, '2026-04-07 00:04:59', '2026-04-07 00:04:59'),
(342, 7, 19, 'regular', NULL, NULL, '2026-04-07 00:04:59', '2026-04-07 00:04:59'),
(343, 7, 20, 'regular', NULL, NULL, '2026-04-07 00:04:59', '2026-04-07 00:04:59'),
(344, 7, 21, 'regular', NULL, NULL, '2026-04-07 00:04:59', '2026-04-07 00:04:59'),
(345, 7, 22, 'regular', NULL, NULL, '2026-04-07 00:04:59', '2026-04-07 00:04:59'),
(346, 7, 23, 'regular', NULL, NULL, '2026-04-07 00:04:59', '2026-04-07 00:04:59'),
(347, 7, 24, 'regular', NULL, NULL, '2026-04-07 00:04:59', '2026-04-07 00:04:59'),
(348, 7, 25, 'regular', NULL, NULL, '2026-04-07 00:04:59', '2026-04-07 00:04:59'),
(349, 7, 26, 'regular', NULL, NULL, '2026-04-07 00:04:59', '2026-04-07 00:04:59'),
(350, 7, 27, 'regular', NULL, NULL, '2026-04-07 00:04:59', '2026-04-07 00:04:59'),
(351, 7, 28, 'regular', NULL, NULL, '2026-04-07 00:04:59', '2026-04-07 00:04:59'),
(352, 7, 29, 'regular', NULL, NULL, '2026-04-07 00:04:59', '2026-04-07 00:04:59'),
(353, 7, 30, 'regular', NULL, NULL, '2026-04-07 00:04:59', '2026-04-07 00:04:59'),
(354, 7, 31, 'regular', NULL, NULL, '2026-04-07 00:04:59', '2026-04-07 00:04:59'),
(355, 7, 32, 'regular', NULL, NULL, '2026-04-07 00:04:59', '2026-04-07 00:04:59'),
(356, 7, 33, 'regular', NULL, NULL, '2026-04-07 00:04:59', '2026-04-07 00:04:59'),
(357, 7, 34, 'regular', NULL, NULL, '2026-04-07 00:04:59', '2026-04-07 00:04:59'),
(358, 7, 35, 'regular', NULL, NULL, '2026-04-07 00:04:59', '2026-04-07 00:04:59'),
(359, 7, 36, 'regular', NULL, NULL, '2026-04-07 00:04:59', '2026-04-07 00:04:59'),
(360, 7, 37, 'regular', NULL, NULL, '2026-04-07 00:04:59', '2026-04-07 00:04:59'),
(361, 7, 38, 'regular', NULL, NULL, '2026-04-07 00:04:59', '2026-04-07 00:04:59'),
(362, 7, 39, 'regular', NULL, NULL, '2026-04-07 00:04:59', '2026-04-07 00:04:59'),
(363, 7, 40, 'regular', NULL, NULL, '2026-04-07 00:04:59', '2026-04-07 00:04:59'),
(364, 7, 41, 'regular', NULL, NULL, '2026-04-07 00:04:59', '2026-04-07 00:04:59'),
(365, 7, 42, 'regular', NULL, NULL, '2026-04-07 00:04:59', '2026-04-07 00:04:59'),
(366, 7, 43, 'regular', NULL, NULL, '2026-04-07 00:04:59', '2026-04-07 00:04:59'),
(367, 7, 44, 'regular', NULL, NULL, '2026-04-07 00:04:59', '2026-04-07 00:04:59'),
(368, 7, 45, 'regular', NULL, NULL, '2026-04-07 00:04:59', '2026-04-07 00:04:59'),
(369, 7, 46, 'regular', NULL, NULL, '2026-04-07 00:04:59', '2026-04-07 00:04:59'),
(370, 7, 47, 'regular', NULL, NULL, '2026-04-07 00:04:59', '2026-04-07 00:04:59'),
(371, 7, 48, 'regular', NULL, NULL, '2026-04-07 00:04:59', '2026-04-07 00:04:59'),
(372, 7, 49, 'regular', NULL, NULL, '2026-04-07 00:04:59', '2026-04-07 00:04:59'),
(373, 7, 50, 'regular', NULL, NULL, '2026-04-07 00:04:59', '2026-04-07 00:04:59'),
(374, 7, 51, 'regular', NULL, NULL, '2026-04-07 00:04:59', '2026-04-07 00:04:59'),
(375, 7, 52, 'regular', NULL, NULL, '2026-04-07 00:04:59', '2026-04-07 00:04:59'),
(376, 7, 53, 'regular', NULL, NULL, '2026-04-07 00:04:59', '2026-04-07 00:04:59'),
(377, 7, 54, 'regular', NULL, NULL, '2026-04-07 00:04:59', '2026-04-07 00:04:59'),
(378, 7, 65, 'regular', NULL, NULL, '2026-04-07 00:04:59', '2026-04-07 00:04:59'),
(379, 7, 55, 'visitor', 6, NULL, '2026-04-07 00:04:59', '2026-04-07 00:04:59'),
(380, 7, 56, 'visitor', 13, NULL, '2026-04-07 00:04:59', '2026-04-07 00:04:59'),
(381, 7, 57, 'visitor', 12, NULL, '2026-04-07 00:04:59', '2026-04-07 00:04:59'),
(382, 7, 58, 'visitor', 48, NULL, '2026-04-07 00:04:59', '2026-04-07 00:04:59'),
(383, 7, 59, 'visitor', 12, NULL, '2026-04-07 00:04:59', '2026-04-07 00:04:59'),
(384, 7, 66, 'visitor', 14, NULL, '2026-04-07 00:04:59', '2026-04-07 00:04:59'),
(385, 7, 67, 'visitor', 13, NULL, '2026-04-07 00:04:59', '2026-04-07 00:04:59'),
(386, 7, 68, 'visitor', 13, NULL, '2026-04-07 00:04:59', '2026-04-07 00:04:59'),
(387, 7, 69, 'visitor', 13, NULL, '2026-04-07 00:04:59', '2026-04-07 00:04:59'),
(388, 7, 70, 'visitor', 13, NULL, '2026-04-07 00:04:59', '2026-04-07 00:04:59'),
(389, 7, 71, 'visitor', 35, NULL, '2026-04-07 00:04:59', '2026-04-07 00:04:59'),
(390, 7, 72, 'visitor', 35, NULL, '2026-04-07 00:04:59', '2026-04-07 00:04:59'),
(391, 7, 73, 'visitor', 35, NULL, '2026-04-07 00:04:59', '2026-04-07 00:04:59'),
(392, 7, 74, 'visitor', 35, NULL, '2026-04-07 00:04:59', '2026-04-07 00:04:59'),
(393, 7, 75, 'visitor', 35, NULL, '2026-04-07 00:04:59', '2026-04-07 00:04:59'),
(394, 7, 79, 'visitor', 35, NULL, '2026-04-07 00:04:59', '2026-04-07 00:04:59'),
(395, 7, 80, 'visitor', 13, NULL, '2026-04-07 00:04:59', '2026-04-07 00:04:59'),
(396, 7, 60, 'guest', 46, NULL, '2026-04-07 00:04:59', '2026-04-07 00:04:59'),
(397, 7, 61, 'guest', 20, NULL, '2026-04-07 00:04:59', '2026-04-07 00:04:59'),
(398, 7, 62, 'guest', 13, NULL, '2026-04-07 00:04:59', '2026-04-07 00:04:59'),
(399, 7, 63, 'guest', 40, NULL, '2026-04-07 00:04:59', '2026-04-07 00:04:59');

-- --------------------------------------------------------

--
-- テーブルの構造 `participant_breakout`
--

CREATE TABLE `participant_breakout` (
  `id` bigint(20) UNSIGNED NOT NULL,
  `participant_id` bigint(20) UNSIGNED NOT NULL,
  `breakout_room_id` bigint(20) UNSIGNED NOT NULL,
  `created_at` timestamp NULL DEFAULT NULL,
  `updated_at` timestamp NULL DEFAULT NULL
) ENGINE=InnoDB DEFAULT CHARSET=utf8mb4 COLLATE=utf8mb4_unicode_ci;

--
-- テーブルのデータのダンプ `participant_breakout`
--

INSERT INTO `participant_breakout` (`id`, `participant_id`, `breakout_room_id`, `created_at`, `updated_at`) VALUES
(75, 12, 6, '2026-03-05 14:03:45', '2026-03-05 14:03:45'),
(76, 31, 6, '2026-03-05 14:03:45', '2026-03-05 14:03:45'),
(77, 10, 6, '2026-03-05 14:03:45', '2026-03-05 14:03:45'),
(78, 17, 6, '2026-03-05 14:03:45', '2026-03-05 14:03:45'),
(79, 37, 7, '2026-03-05 14:03:45', '2026-03-05 14:03:45'),
(80, 29, 7, '2026-03-05 14:03:45', '2026-03-05 14:03:45'),
(81, 9, 7, '2026-03-05 14:03:45', '2026-03-05 14:03:45'),
(83, 68, 18, '2026-03-10 22:53:20', '2026-03-10 22:53:20'),
(84, 71, 18, '2026-03-10 22:53:20', '2026-03-10 22:53:20'),
(85, 68, 19, '2026-03-10 22:53:20', '2026-03-10 22:53:20'),
(86, 71, 19, '2026-03-10 22:53:20', '2026-03-10 22:53:20'),
(95, 163, 20, '2026-03-17 01:22:47', '2026-03-17 01:22:47'),
(96, 171, 20, '2026-03-17 01:22:47', '2026-03-17 01:22:47'),
(97, 191, 20, '2026-03-17 01:22:47', '2026-03-17 01:22:47'),
(98, 163, 21, '2026-03-17 01:22:47', '2026-03-17 01:22:47'),
(99, 171, 21, '2026-03-17 01:22:47', '2026-03-17 01:22:47'),
(100, 190, 21, '2026-03-17 01:22:47', '2026-03-17 01:22:47'),
(123, 249, 22, '2026-03-24 01:19:05', '2026-03-24 01:19:05'),
(124, 223, 22, '2026-03-24 01:19:05', '2026-03-24 01:19:05'),
(125, 199, 22, '2026-03-24 01:19:05', '2026-03-24 01:19:05'),
(126, 211, 22, '2026-03-24 01:19:05', '2026-03-24 01:19:05'),
(127, 216, 22, '2026-03-24 01:19:05', '2026-03-24 01:19:05'),
(128, 249, 23, '2026-03-24 01:19:05', '2026-03-24 01:19:05'),
(129, 223, 23, '2026-03-24 01:19:05', '2026-03-24 01:19:05'),
(130, 199, 23, '2026-03-24 01:19:05', '2026-03-24 01:19:05'),
(131, 211, 23, '2026-03-24 01:19:05', '2026-03-24 01:19:05'),
(132, 216, 23, '2026-03-24 01:19:05', '2026-03-24 01:19:05'),
(133, 253, 23, '2026-03-24 01:19:05', '2026-03-24 01:19:05'),
(148, 289, 24, '2026-03-31 01:18:35', '2026-03-31 01:18:35'),
(149, 299, 24, '2026-03-31 01:18:35', '2026-03-31 01:18:35'),
(150, 287, 24, '2026-03-31 01:18:35', '2026-03-31 01:18:35'),
(151, 289, 25, '2026-03-31 01:18:35', '2026-03-31 01:18:35'),
(152, 299, 25, '2026-03-31 01:18:35', '2026-03-31 01:18:35'),
(153, 287, 25, '2026-03-31 01:18:35', '2026-03-31 01:18:35'),
(154, 319, 25, '2026-03-31 01:18:35', '2026-03-31 01:18:35'),
(155, 335, 26, '2026-04-07 01:16:39', '2026-04-07 01:16:39'),
(156, 389, 26, '2026-04-07 01:16:39', '2026-04-07 01:16:39'),
(157, 335, 27, '2026-04-07 01:16:39', '2026-04-07 01:16:39'),
(158, 379, 27, '2026-04-07 01:16:39', '2026-04-07 01:16:39');

-- --------------------------------------------------------

--
-- テーブルの構造 `password_reset_tokens`
--

CREATE TABLE `password_reset_tokens` (
  `email` varchar(255) NOT NULL,
  `token` varchar(255) NOT NULL,
  `created_at` timestamp NULL DEFAULT NULL
) ENGINE=InnoDB DEFAULT CHARSET=utf8mb4 COLLATE=utf8mb4_unicode_ci;

-- --------------------------------------------------------

--
-- テーブルの構造 `roles`
--

CREATE TABLE `roles` (
  `id` bigint(20) UNSIGNED NOT NULL,
  `name` varchar(255) NOT NULL,
  `description` varchar(500) DEFAULT NULL,
  `created_at` timestamp NULL DEFAULT NULL,
  `updated_at` timestamp NULL DEFAULT NULL
) ENGINE=InnoDB DEFAULT CHARSET=utf8mb4 COLLATE=utf8mb4_unicode_ci;

--
-- テーブルのデータのダンプ `roles`
--

INSERT INTO `roles` (`id`, `name`, `description`, `created_at`, `updated_at`) VALUES
(1, 'BODコーディネーター/メンターサポート', NULL, '2026-03-05 01:49:21', '2026-03-05 01:49:21'),
(2, 'BCP担当、対面イベントサポート', NULL, '2026-03-05 01:49:21', '2026-03-05 01:49:21'),
(3, 'ビジターホストコーディネーター', NULL, '2026-03-05 01:49:21', '2026-03-05 01:49:21'),
(4, 'プレジデント', NULL, '2026-03-05 01:49:21', '2026-03-05 01:49:21'),
(5, 'トレーニングサポート', NULL, '2026-03-05 01:49:21', '2026-03-05 01:49:21'),
(6, '対面イベントサポート', NULL, '2026-03-05 01:49:21', '2026-03-05 01:49:21'),
(7, 'WEBマスター', NULL, '2026-03-05 01:49:21', '2026-03-05 01:49:21'),
(8, '1to1担当・書記兼会計補佐', NULL, '2026-03-05 01:49:21', '2026-03-05 01:49:21'),
(9, 'エデュケーションコーディネーター・OCCサポート', NULL, '2026-03-05 01:49:21', '2026-03-05 01:49:21'),
(10, 'イベント担当（フォーラム）', NULL, '2026-03-05 01:49:21', '2026-03-05 01:49:21'),
(11, 'メンターコーディネイター', NULL, '2026-03-05 01:49:21', '2026-03-05 01:49:21'),
(12, 'ビジターホストサポート', NULL, '2026-03-05 01:49:21', '2026-03-05 01:49:21'),
(13, '書記兼会計', NULL, '2026-03-05 01:49:21', '2026-03-05 01:49:21'),
(14, 'メンバーシップ委員', NULL, '2026-03-05 01:49:21', '2026-03-05 01:49:21'),
(15, 'イベント担当サポート', NULL, '2026-03-05 01:49:21', '2026-03-05 01:49:21'),
(16, 'グローバルビジネスサポート', NULL, '2026-03-05 01:49:21', '2026-03-05 01:49:21'),
(17, 'ビジターホストサポート、BODサポート', NULL, '2026-03-05 01:49:21', '2026-03-05 01:49:21'),
(18, 'BOD担当', NULL, '2026-03-05 01:49:21', '2026-03-05 01:49:21'),
(19, 'WEBマスターサポート・OCCサポート', NULL, '2026-03-05 01:49:21', '2026-03-05 01:49:21'),
(20, 'バイスプレジデント', NULL, '2026-03-05 01:49:21', '2026-03-05 01:49:21'),
(21, '1to1サポート', NULL, '2026-03-05 01:49:21', '2026-03-05 01:49:21'),
(22, 'BCP担当', NULL, '2026-03-05 01:49:21', '2026-03-05 01:49:21'),
(23, 'メンターサポート/対面イベントサポート', NULL, '2026-03-05 01:49:21', '2026-03-05 01:49:21'),
(24, 'ビジターホストサポート・書記兼会計補佐', NULL, '2026-03-05 01:49:21', '2026-03-05 01:49:21'),
(25, 'トレーニング担当', NULL, '2026-03-05 01:49:21', '2026-03-05 01:49:21'),
(26, '対面イベント担当', NULL, '2026-03-05 01:49:21', '2026-03-05 01:49:21'),
(27, 'グローバルビジネスコーディネーター', NULL, '2026-03-05 01:49:21', '2026-03-05 01:49:21'),
(28, 'ビジターホストサポート、エデュケーションサポート', NULL, '2026-03-05 01:49:21', '2026-03-05 01:49:21'),
(29, 'OCCコーディネーター、WEBマスターサポート、エデュケーションサポート', NULL, '2026-03-05 01:49:21', '2026-03-05 01:49:21'),
(30, 'ディレクターコンサルタント', NULL, '2026-03-05 01:49:21', '2026-03-05 01:49:21'),
(31, 'グロースエリアディレクター', NULL, '2026-03-05 01:49:21', '2026-03-05 01:49:21'),
(32, 'エグゼクティブディレクター', NULL, '2026-03-05 01:49:21', '2026-03-05 01:49:21'),
(33, 'BODコーディネーター', NULL, '2026-03-10 00:40:14', '2026-03-10 00:40:14'),
(34, '1to1担当', NULL, '2026-04-07 00:04:59', '2026-04-07 00:04:59'),
(35, 'BODサポート,ビジホスサポート', NULL, '2026-04-07 00:04:59', '2026-04-07 00:04:59'),
(36, '書記兼会計補佐・1to1サポート', NULL, '2026-04-07 00:04:59', '2026-04-07 00:04:59'),
(37, 'グローバルビジネス担当', NULL, '2026-04-07 00:04:59', '2026-04-07 00:04:59'),
(38, 'メンターコーディネーター', NULL, '2026-04-07 00:04:59', '2026-04-07 00:04:59');

-- --------------------------------------------------------

--
-- テーブルの構造 `sessions`
--

CREATE TABLE `sessions` (
  `id` varchar(255) NOT NULL,
  `user_id` bigint(20) UNSIGNED DEFAULT NULL,
  `ip_address` varchar(45) DEFAULT NULL,
  `user_agent` text DEFAULT NULL,
  `payload` longtext NOT NULL,
  `last_activity` int(11) NOT NULL
) ENGINE=InnoDB DEFAULT CHARSET=utf8mb4 COLLATE=utf8mb4_unicode_ci;

--
-- テーブルのデータのダンプ `sessions`
--

INSERT INTO `sessions` (`id`, `user_id`, `ip_address`, `user_agent`, `payload`, `last_activity`) VALUES
('cKnqwAAp41SdkTYF7jKC8lnIFnKebLnN9WnUQGD3', NULL, '192.168.65.1', 'Mozilla/5.0 (Macintosh; Intel Mac OS X 10_15_7) AppleWebKit/537.36 (KHTML, like Gecko) Chrome/146.0.0.0 Safari/537.36', 'YTozOntzOjY6Il90b2tlbiI7czo0MDoieVNNUlhpTld6TDFJbVJiZEhIS1hFSGNuRXg3TXhNam5NYk9lSVUwWSI7czo5OiJfcHJldmlvdXMiO2E6Mjp7czozOiJ1cmwiO3M6MjI6Imh0dHA6Ly9sb2NhbGhvc3QvYWRtaW4iO3M6NToicm91dGUiO047fXM6NjoiX2ZsYXNoIjthOjI6e3M6Mzoib2xkIjthOjA6e31zOjM6Im5ldyI7YTowOnt9fX0=', 1775537369),
('gH0ZovhNGbFW7jhTzEMuS6PxcYuuf67uRp6k6oye', NULL, '192.168.65.1', 'Mozilla/5.0 (Macintosh; Intel Mac OS X 10_15_7) AppleWebKit/537.36 (KHTML, like Gecko) Chrome/146.0.0.0 Safari/537.36', 'YTozOntzOjY6Il90b2tlbiI7czo0MDoiSjFKUWlJZ3B5b2pLcFc0WGg2SkhyNUJoQUxPUUthZ09TcHFkMFU0dyI7czo5OiJfcHJldmlvdXMiO2E6Mjp7czozOiJ1cmwiO3M6MjI6Imh0dHA6Ly9sb2NhbGhvc3QvYWRtaW4iO3M6NToicm91dGUiO047fXM6NjoiX2ZsYXNoIjthOjI6e3M6Mzoib2xkIjthOjA6e31zOjM6Im5ldyI7YTowOnt9fX0=', 1775167938),
('kRhm47D0eYGiAqqLAMoSSwkVscFe6FCdwmljDHjp', NULL, '192.168.65.1', 'Mozilla/5.0 (Macintosh; Intel Mac OS X 10_15_7) AppleWebKit/537.36 (KHTML, like Gecko) Chrome/146.0.0.0 Safari/537.36', 'YTozOntzOjY6Il90b2tlbiI7czo0MDoiSFAwVVFCcUZiWUhnWUpnTEQ0YlVCRDZhUTZTaTdLbW5HUDNxWTM3VyI7czo5OiJfcHJldmlvdXMiO2E6Mjp7czozOiJ1cmwiO3M6MjI6Imh0dHA6Ly9sb2NhbGhvc3QvYWRtaW4iO3M6NToicm91dGUiO047fXM6NjoiX2ZsYXNoIjthOjI6e3M6Mzoib2xkIjthOjA6e31zOjM6Im5ldyI7YTowOnt9fX0=', 1775436370),
('w9Xbs2ZNWblTvgohrp0c6s7waLcnEB3eNTsV9OhB', NULL, '192.168.65.1', 'Mozilla/5.0 (Macintosh; Intel Mac OS X 10_15_7) AppleWebKit/537.36 (KHTML, like Gecko) Chrome/146.0.0.0 Safari/537.36', 'YTozOntzOjY6Il90b2tlbiI7czo0MDoicU5HM3RjSm5MbElGNTR5RFp5S2xLcEdCTE9YV1pBOUlpWTdibWJHZSI7czo5OiJfcHJldmlvdXMiO2E6Mjp7czozOiJ1cmwiO3M6MjI6Imh0dHA6Ly9sb2NhbGhvc3QvYWRtaW4iO3M6NToicm91dGUiO047fXM6NjoiX2ZsYXNoIjthOjI6e3M6Mzoib2xkIjthOjA6e31zOjM6Im5ldyI7YTowOnt9fX0=', 1775615474),
('xghu5OzvxtPvSQgCrd2KPxOHRKyAcknwGRiLyEzQ', NULL, '192.168.65.1', 'Mozilla/5.0 (Macintosh; Intel Mac OS X 10_15_7) AppleWebKit/537.36 (KHTML, like Gecko) Chrome/146.0.0.0 Safari/537.36', 'YTozOntzOjY6Il90b2tlbiI7czo0MDoiZzRKZWVYYUZ0TVFYWGptc1R6eTlicFlvSkt2UWtIaE9icXZ1OTlBVSI7czo5OiJfcHJldmlvdXMiO2E6Mjp7czozOiJ1cmwiO3M6MjI6Imh0dHA6Ly9sb2NhbGhvc3QvYWRtaW4iO3M6NToicm91dGUiO047fXM6NjoiX2ZsYXNoIjthOjI6e3M6Mzoib2xkIjthOjA6e31zOjM6Im5ldyI7YTowOnt9fX0=', 1775452938),
('xzVtWOSA8KWL1nSU3SntDJEdXZ6uvOvNwfAmKWss', NULL, '192.168.65.1', 'Mozilla/5.0 (Macintosh; Intel Mac OS X 10_15_7) AppleWebKit/537.36 (KHTML, like Gecko) Chrome/146.0.0.0 Safari/537.36', 'YTozOntzOjY6Il90b2tlbiI7czo0MDoiOHU0S3Q1Wnladjl2UzNVOWk3dDZ6anF6aUlVZGlBamRSZ1NiVnhqTyI7czo5OiJfcHJldmlvdXMiO2E6Mjp7czozOiJ1cmwiO3M6MjI6Imh0dHA6Ly9sb2NhbGhvc3QvYWRtaW4iO3M6NToicm91dGUiO047fXM6NjoiX2ZsYXNoIjthOjI6e3M6Mzoib2xkIjthOjA6e31zOjM6Im5ldyI7YTowOnt9fX0=', 1775520331);

-- --------------------------------------------------------

--
-- テーブルの構造 `users`
--

CREATE TABLE `users` (
  `id` bigint(20) UNSIGNED NOT NULL,
  `name` varchar(255) NOT NULL,
  `email` varchar(255) NOT NULL,
  `email_verified_at` timestamp NULL DEFAULT NULL,
  `password` varchar(255) NOT NULL,
  `remember_token` varchar(100) DEFAULT NULL,
  `owner_member_id` bigint(20) UNSIGNED DEFAULT NULL,
  `default_workspace_id` bigint(20) UNSIGNED DEFAULT NULL,
  `created_at` timestamp NULL DEFAULT NULL,
  `updated_at` timestamp NULL DEFAULT NULL
) ENGINE=InnoDB DEFAULT CHARSET=utf8mb4 COLLATE=utf8mb4_unicode_ci;

--
-- テーブルのデータのダンプ `users`
--

INSERT INTO `users` (`id`, `name`, `email`, `email_verified_at`, `password`, `remember_token`, `owner_member_id`, `default_workspace_id`, `created_at`, `updated_at`) VALUES
(1, 'Default', 'default@religo.local', NULL, '$2y$12$dUrt0H0qQktz46pbKZu7cexZzI5MU8PpmDa3wyR2y4aiZTnWpBJRC', NULL, 37, NULL, '2026-03-05 13:03:53', '2026-04-07 03:08:58');

-- --------------------------------------------------------

--
-- テーブルの構造 `workspaces`
--

CREATE TABLE `workspaces` (
  `id` bigint(20) UNSIGNED NOT NULL,
  `name` varchar(255) NOT NULL,
  `slug` varchar(100) DEFAULT NULL,
  `created_at` timestamp NULL DEFAULT NULL,
  `updated_at` timestamp NULL DEFAULT NULL
) ENGINE=InnoDB DEFAULT CHARSET=utf8mb4 COLLATE=utf8mb4_unicode_ci;

--
-- テーブルのデータのダンプ `workspaces`
--

INSERT INTO `workspaces` (`id`, `name`, `slug`, `created_at`, `updated_at`) VALUES
(1, 'Default Workspace', 'default', '2026-03-04 13:07:41', '2026-03-04 13:07:41');

--
-- ダンプしたテーブルのインデックス
--

--
-- テーブルのインデックス `bo_assignment_audit_logs`
--
ALTER TABLE `bo_assignment_audit_logs`
  ADD PRIMARY KEY (`id`),
  ADD KEY `bo_assignment_audit_logs_actor_user_id_foreign` (`actor_user_id`),
  ADD KEY `bo_assignment_audit_logs_actor_owner_member_id_occurred_at_index` (`actor_owner_member_id`,`occurred_at`),
  ADD KEY `bo_assignment_audit_logs_meeting_id_index` (`meeting_id`);

--
-- テーブルのインデックス `breakout_memos`
--
ALTER TABLE `breakout_memos`
  ADD PRIMARY KEY (`id`),
  ADD UNIQUE KEY `breakout_memos_meeting_author_target_unique` (`meeting_id`,`participant_id`,`target_participant_id`),
  ADD KEY `breakout_memos_participant_id_foreign` (`participant_id`),
  ADD KEY `breakout_memos_meeting_id_participant_id_index` (`meeting_id`,`participant_id`),
  ADD KEY `breakout_memos_target_participant_id_index` (`target_participant_id`),
  ADD KEY `breakout_memos_breakout_room_id_index` (`breakout_room_id`);

--
-- テーブルのインデックス `breakout_rooms`
--
ALTER TABLE `breakout_rooms`
  ADD PRIMARY KEY (`id`),
  ADD UNIQUE KEY `breakout_rooms_meeting_id_room_label_unique` (`meeting_id`,`room_label`),
  ADD KEY `breakout_rooms_meeting_id_index` (`meeting_id`),
  ADD KEY `breakout_rooms_sort_order_index` (`sort_order`);

--
-- テーブルのインデックス `cache`
--
ALTER TABLE `cache`
  ADD PRIMARY KEY (`key`),
  ADD KEY `cache_expiration_index` (`expiration`);

--
-- テーブルのインデックス `cache_locks`
--
ALTER TABLE `cache_locks`
  ADD PRIMARY KEY (`key`),
  ADD KEY `cache_locks_expiration_index` (`expiration`);

--
-- テーブルのインデックス `categories`
--
ALTER TABLE `categories`
  ADD PRIMARY KEY (`id`);

--
-- テーブルのインデックス `contact_memos`
--
ALTER TABLE `contact_memos`
  ADD PRIMARY KEY (`id`),
  ADD KEY `contact_memos_target_member_id_foreign` (`target_member_id`),
  ADD KEY `contact_memos_owner_target_created_index` (`owner_member_id`,`target_member_id`,`created_at`),
  ADD KEY `contact_memos_meeting_id_index` (`meeting_id`),
  ADD KEY `contact_memos_one_to_one_id_index` (`one_to_one_id`),
  ADD KEY `contact_memos_workspace_id_index` (`workspace_id`);

--
-- テーブルのインデックス `dragonfly_contact_events`
--
ALTER TABLE `dragonfly_contact_events`
  ADD PRIMARY KEY (`id`),
  ADD KEY `dragonfly_contact_events_target_member_id_foreign` (`target_member_id`),
  ADD KEY `dragonfly_contact_events_owner_target_created_index` (`owner_member_id`,`target_member_id`,`created_at`),
  ADD KEY `dragonfly_contact_events_meeting_id_index` (`meeting_id`);

--
-- テーブルのインデックス `dragonfly_contact_flags`
--
ALTER TABLE `dragonfly_contact_flags`
  ADD PRIMARY KEY (`id`),
  ADD UNIQUE KEY `dragonfly_contact_flags_owner_member_id_target_member_id_unique` (`owner_member_id`,`target_member_id`),
  ADD KEY `dragonfly_contact_flags_target_member_id_foreign` (`target_member_id`),
  ADD KEY `dragonfly_contact_flags_owner_member_id_index` (`owner_member_id`),
  ADD KEY `dragonfly_contact_flags_interested_index` (`interested`),
  ADD KEY `dragonfly_contact_flags_want_1on1_index` (`want_1on1`),
  ADD KEY `dragonfly_contact_flags_workspace_id_index` (`workspace_id`);

--
-- テーブルのインデックス `failed_jobs`
--
ALTER TABLE `failed_jobs`
  ADD PRIMARY KEY (`id`),
  ADD UNIQUE KEY `failed_jobs_uuid_unique` (`uuid`);

--
-- テーブルのインデックス `introductions`
--
ALTER TABLE `introductions`
  ADD PRIMARY KEY (`id`),
  ADD KEY `introductions_from_member_id_foreign` (`from_member_id`),
  ADD KEY `introductions_to_member_id_foreign` (`to_member_id`),
  ADD KEY `introductions_owner_from_to_index` (`owner_member_id`,`from_member_id`,`to_member_id`),
  ADD KEY `introductions_meeting_id_index` (`meeting_id`),
  ADD KEY `introductions_workspace_id_index` (`workspace_id`);

--
-- テーブルのインデックス `jobs`
--
ALTER TABLE `jobs`
  ADD PRIMARY KEY (`id`),
  ADD KEY `jobs_queue_index` (`queue`);

--
-- テーブルのインデックス `job_batches`
--
ALTER TABLE `job_batches`
  ADD PRIMARY KEY (`id`);

--
-- テーブルのインデックス `meetings`
--
ALTER TABLE `meetings`
  ADD PRIMARY KEY (`id`),
  ADD UNIQUE KEY `meetings_number_unique` (`number`),
  ADD KEY `meetings_held_on_index` (`held_on`);

--
-- テーブルのインデックス `meeting_csv_apply_logs`
--
ALTER TABLE `meeting_csv_apply_logs`
  ADD PRIMARY KEY (`id`),
  ADD KEY `meeting_csv_apply_logs_meeting_csv_import_id_foreign` (`meeting_csv_import_id`),
  ADD KEY `meeting_csv_apply_logs_meeting_id_executed_at_index` (`meeting_id`,`executed_at`);

--
-- テーブルのインデックス `meeting_csv_imports`
--
ALTER TABLE `meeting_csv_imports`
  ADD PRIMARY KEY (`id`),
  ADD KEY `meeting_csv_imports_meeting_id_index` (`meeting_id`);

--
-- テーブルのインデックス `meeting_csv_import_resolutions`
--
ALTER TABLE `meeting_csv_import_resolutions`
  ADD PRIMARY KEY (`id`),
  ADD UNIQUE KEY `csv_import_resolutions_unique` (`meeting_csv_import_id`,`resolution_type`,`source_value`);

--
-- テーブルのインデックス `meeting_participant_imports`
--
ALTER TABLE `meeting_participant_imports`
  ADD PRIMARY KEY (`id`),
  ADD UNIQUE KEY `meeting_participant_imports_meeting_id_unique` (`meeting_id`);

--
-- テーブルのインデックス `members`
--
ALTER TABLE `members`
  ADD PRIMARY KEY (`id`),
  ADD KEY `members_type_index` (`type`),
  ADD KEY `members_introducer_member_id_index` (`introducer_member_id`),
  ADD KEY `members_attendant_member_id_index` (`attendant_member_id`),
  ADD KEY `members_category_id_foreign` (`category_id`),
  ADD KEY `members_workspace_id_index` (`workspace_id`);

--
-- テーブルのインデックス `member_roles`
--
ALTER TABLE `member_roles`
  ADD PRIMARY KEY (`id`),
  ADD KEY `member_roles_role_id_foreign` (`role_id`),
  ADD KEY `member_roles_member_id_term_start_index` (`member_id`,`term_start`);

--
-- テーブルのインデックス `migrations`
--
ALTER TABLE `migrations`
  ADD PRIMARY KEY (`id`);

--
-- テーブルのインデックス `one_to_ones`
--
ALTER TABLE `one_to_ones`
  ADD PRIMARY KEY (`id`),
  ADD KEY `one_to_ones_workspace_id_foreign` (`workspace_id`),
  ADD KEY `one_to_ones_target_member_id_foreign` (`target_member_id`),
  ADD KEY `one_to_ones_owner_member_id_target_member_id_index` (`owner_member_id`,`target_member_id`),
  ADD KEY `one_to_ones_scheduled_at_index` (`scheduled_at`),
  ADD KEY `one_to_ones_meeting_id_index` (`meeting_id`);

--
-- テーブルのインデックス `participants`
--
ALTER TABLE `participants`
  ADD PRIMARY KEY (`id`),
  ADD UNIQUE KEY `participants_meeting_id_member_id_unique` (`meeting_id`,`member_id`),
  ADD KEY `participants_introducer_member_id_foreign` (`introducer_member_id`),
  ADD KEY `participants_attendant_member_id_foreign` (`attendant_member_id`),
  ADD KEY `participants_meeting_id_index` (`meeting_id`),
  ADD KEY `participants_member_id_index` (`member_id`),
  ADD KEY `participants_type_index` (`type`);

--
-- テーブルのインデックス `participant_breakout`
--
ALTER TABLE `participant_breakout`
  ADD PRIMARY KEY (`id`),
  ADD UNIQUE KEY `participant_breakout_participant_id_breakout_room_id_unique` (`participant_id`,`breakout_room_id`),
  ADD KEY `participant_breakout_participant_id_index` (`participant_id`),
  ADD KEY `participant_breakout_breakout_room_id_index` (`breakout_room_id`);

--
-- テーブルのインデックス `password_reset_tokens`
--
ALTER TABLE `password_reset_tokens`
  ADD PRIMARY KEY (`email`);

--
-- テーブルのインデックス `roles`
--
ALTER TABLE `roles`
  ADD PRIMARY KEY (`id`);

--
-- テーブルのインデックス `sessions`
--
ALTER TABLE `sessions`
  ADD PRIMARY KEY (`id`),
  ADD KEY `sessions_user_id_index` (`user_id`),
  ADD KEY `sessions_last_activity_index` (`last_activity`);

--
-- テーブルのインデックス `users`
--
ALTER TABLE `users`
  ADD PRIMARY KEY (`id`),
  ADD UNIQUE KEY `users_email_unique` (`email`),
  ADD KEY `users_default_workspace_id_foreign` (`default_workspace_id`);

--
-- テーブルのインデックス `workspaces`
--
ALTER TABLE `workspaces`
  ADD PRIMARY KEY (`id`),
  ADD KEY `workspaces_slug_index` (`slug`);

--
-- ダンプしたテーブルの AUTO_INCREMENT
--

--
-- テーブルの AUTO_INCREMENT `bo_assignment_audit_logs`
--
ALTER TABLE `bo_assignment_audit_logs`
  MODIFY `id` bigint(20) UNSIGNED NOT NULL AUTO_INCREMENT, AUTO_INCREMENT=8;

--
-- テーブルの AUTO_INCREMENT `breakout_memos`
--
ALTER TABLE `breakout_memos`
  MODIFY `id` bigint(20) UNSIGNED NOT NULL AUTO_INCREMENT, AUTO_INCREMENT=2;

--
-- テーブルの AUTO_INCREMENT `breakout_rooms`
--
ALTER TABLE `breakout_rooms`
  MODIFY `id` bigint(20) UNSIGNED NOT NULL AUTO_INCREMENT, AUTO_INCREMENT=28;

--
-- テーブルの AUTO_INCREMENT `categories`
--
ALTER TABLE `categories`
  MODIFY `id` bigint(20) UNSIGNED NOT NULL AUTO_INCREMENT, AUTO_INCREMENT=185;

--
-- テーブルの AUTO_INCREMENT `contact_memos`
--
ALTER TABLE `contact_memos`
  MODIFY `id` bigint(20) UNSIGNED NOT NULL AUTO_INCREMENT, AUTO_INCREMENT=7;

--
-- テーブルの AUTO_INCREMENT `dragonfly_contact_events`
--
ALTER TABLE `dragonfly_contact_events`
  MODIFY `id` bigint(20) UNSIGNED NOT NULL AUTO_INCREMENT, AUTO_INCREMENT=15;

--
-- テーブルの AUTO_INCREMENT `dragonfly_contact_flags`
--
ALTER TABLE `dragonfly_contact_flags`
  MODIFY `id` bigint(20) UNSIGNED NOT NULL AUTO_INCREMENT, AUTO_INCREMENT=5;

--
-- テーブルの AUTO_INCREMENT `failed_jobs`
--
ALTER TABLE `failed_jobs`
  MODIFY `id` bigint(20) UNSIGNED NOT NULL AUTO_INCREMENT;

--
-- テーブルの AUTO_INCREMENT `introductions`
--
ALTER TABLE `introductions`
  MODIFY `id` bigint(20) UNSIGNED NOT NULL AUTO_INCREMENT;

--
-- テーブルの AUTO_INCREMENT `jobs`
--
ALTER TABLE `jobs`
  MODIFY `id` bigint(20) UNSIGNED NOT NULL AUTO_INCREMENT;

--
-- テーブルの AUTO_INCREMENT `meetings`
--
ALTER TABLE `meetings`
  MODIFY `id` bigint(20) UNSIGNED NOT NULL AUTO_INCREMENT, AUTO_INCREMENT=8;

--
-- テーブルの AUTO_INCREMENT `meeting_csv_apply_logs`
--
ALTER TABLE `meeting_csv_apply_logs`
  MODIFY `id` bigint(20) UNSIGNED NOT NULL AUTO_INCREMENT;

--
-- テーブルの AUTO_INCREMENT `meeting_csv_imports`
--
ALTER TABLE `meeting_csv_imports`
  MODIFY `id` bigint(20) UNSIGNED NOT NULL AUTO_INCREMENT, AUTO_INCREMENT=7;

--
-- テーブルの AUTO_INCREMENT `meeting_csv_import_resolutions`
--
ALTER TABLE `meeting_csv_import_resolutions`
  MODIFY `id` bigint(20) UNSIGNED NOT NULL AUTO_INCREMENT;

--
-- テーブルの AUTO_INCREMENT `meeting_participant_imports`
--
ALTER TABLE `meeting_participant_imports`
  MODIFY `id` bigint(20) UNSIGNED NOT NULL AUTO_INCREMENT, AUTO_INCREMENT=5;

--
-- テーブルの AUTO_INCREMENT `members`
--
ALTER TABLE `members`
  MODIFY `id` bigint(20) UNSIGNED NOT NULL AUTO_INCREMENT, AUTO_INCREMENT=81;

--
-- テーブルの AUTO_INCREMENT `member_roles`
--
ALTER TABLE `member_roles`
  MODIFY `id` bigint(20) UNSIGNED NOT NULL AUTO_INCREMENT, AUTO_INCREMENT=244;

--
-- テーブルの AUTO_INCREMENT `migrations`
--
ALTER TABLE `migrations`
  MODIFY `id` int(10) UNSIGNED NOT NULL AUTO_INCREMENT, AUTO_INCREMENT=46;

--
-- テーブルの AUTO_INCREMENT `one_to_ones`
--
ALTER TABLE `one_to_ones`
  MODIFY `id` bigint(20) UNSIGNED NOT NULL AUTO_INCREMENT, AUTO_INCREMENT=13;

--
-- テーブルの AUTO_INCREMENT `participants`
--
ALTER TABLE `participants`
  MODIFY `id` bigint(20) UNSIGNED NOT NULL AUTO_INCREMENT, AUTO_INCREMENT=400;

--
-- テーブルの AUTO_INCREMENT `participant_breakout`
--
ALTER TABLE `participant_breakout`
  MODIFY `id` bigint(20) UNSIGNED NOT NULL AUTO_INCREMENT, AUTO_INCREMENT=159;

--
-- テーブルの AUTO_INCREMENT `roles`
--
ALTER TABLE `roles`
  MODIFY `id` bigint(20) UNSIGNED NOT NULL AUTO_INCREMENT, AUTO_INCREMENT=39;

--
-- テーブルの AUTO_INCREMENT `users`
--
ALTER TABLE `users`
  MODIFY `id` bigint(20) UNSIGNED NOT NULL AUTO_INCREMENT, AUTO_INCREMENT=2;

--
-- テーブルの AUTO_INCREMENT `workspaces`
--
ALTER TABLE `workspaces`
  MODIFY `id` bigint(20) UNSIGNED NOT NULL AUTO_INCREMENT, AUTO_INCREMENT=2;

--
-- ダンプしたテーブルの制約
--

--
-- テーブルの制約 `bo_assignment_audit_logs`
--
ALTER TABLE `bo_assignment_audit_logs`
  ADD CONSTRAINT `bo_assignment_audit_logs_actor_owner_member_id_foreign` FOREIGN KEY (`actor_owner_member_id`) REFERENCES `members` (`id`) ON DELETE SET NULL,
  ADD CONSTRAINT `bo_assignment_audit_logs_actor_user_id_foreign` FOREIGN KEY (`actor_user_id`) REFERENCES `users` (`id`) ON DELETE SET NULL,
  ADD CONSTRAINT `bo_assignment_audit_logs_meeting_id_foreign` FOREIGN KEY (`meeting_id`) REFERENCES `meetings` (`id`);

--
-- テーブルの制約 `breakout_memos`
--
ALTER TABLE `breakout_memos`
  ADD CONSTRAINT `breakout_memos_breakout_room_id_foreign` FOREIGN KEY (`breakout_room_id`) REFERENCES `breakout_rooms` (`id`) ON DELETE SET NULL,
  ADD CONSTRAINT `breakout_memos_meeting_id_foreign` FOREIGN KEY (`meeting_id`) REFERENCES `meetings` (`id`) ON DELETE CASCADE,
  ADD CONSTRAINT `breakout_memos_participant_id_foreign` FOREIGN KEY (`participant_id`) REFERENCES `participants` (`id`) ON DELETE CASCADE,
  ADD CONSTRAINT `breakout_memos_target_participant_id_foreign` FOREIGN KEY (`target_participant_id`) REFERENCES `participants` (`id`) ON DELETE CASCADE;

--
-- テーブルの制約 `breakout_rooms`
--
ALTER TABLE `breakout_rooms`
  ADD CONSTRAINT `breakout_rooms_meeting_id_foreign` FOREIGN KEY (`meeting_id`) REFERENCES `meetings` (`id`) ON DELETE CASCADE;

--
-- テーブルの制約 `contact_memos`
--
ALTER TABLE `contact_memos`
  ADD CONSTRAINT `contact_memos_meeting_id_foreign` FOREIGN KEY (`meeting_id`) REFERENCES `meetings` (`id`) ON DELETE SET NULL,
  ADD CONSTRAINT `contact_memos_one_to_one_id_foreign` FOREIGN KEY (`one_to_one_id`) REFERENCES `one_to_ones` (`id`) ON DELETE SET NULL,
  ADD CONSTRAINT `contact_memos_owner_member_id_foreign` FOREIGN KEY (`owner_member_id`) REFERENCES `members` (`id`),
  ADD CONSTRAINT `contact_memos_target_member_id_foreign` FOREIGN KEY (`target_member_id`) REFERENCES `members` (`id`),
  ADD CONSTRAINT `contact_memos_workspace_id_foreign` FOREIGN KEY (`workspace_id`) REFERENCES `workspaces` (`id`) ON DELETE SET NULL;

--
-- テーブルの制約 `dragonfly_contact_events`
--
ALTER TABLE `dragonfly_contact_events`
  ADD CONSTRAINT `dragonfly_contact_events_meeting_id_foreign` FOREIGN KEY (`meeting_id`) REFERENCES `meetings` (`id`) ON DELETE SET NULL,
  ADD CONSTRAINT `dragonfly_contact_events_owner_member_id_foreign` FOREIGN KEY (`owner_member_id`) REFERENCES `members` (`id`),
  ADD CONSTRAINT `dragonfly_contact_events_target_member_id_foreign` FOREIGN KEY (`target_member_id`) REFERENCES `members` (`id`);

--
-- テーブルの制約 `dragonfly_contact_flags`
--
ALTER TABLE `dragonfly_contact_flags`
  ADD CONSTRAINT `dragonfly_contact_flags_owner_member_id_foreign` FOREIGN KEY (`owner_member_id`) REFERENCES `members` (`id`),
  ADD CONSTRAINT `dragonfly_contact_flags_target_member_id_foreign` FOREIGN KEY (`target_member_id`) REFERENCES `members` (`id`),
  ADD CONSTRAINT `dragonfly_contact_flags_workspace_id_foreign` FOREIGN KEY (`workspace_id`) REFERENCES `workspaces` (`id`) ON DELETE SET NULL;

--
-- テーブルの制約 `introductions`
--
ALTER TABLE `introductions`
  ADD CONSTRAINT `introductions_from_member_id_foreign` FOREIGN KEY (`from_member_id`) REFERENCES `members` (`id`),
  ADD CONSTRAINT `introductions_meeting_id_foreign` FOREIGN KEY (`meeting_id`) REFERENCES `meetings` (`id`) ON DELETE SET NULL,
  ADD CONSTRAINT `introductions_owner_member_id_foreign` FOREIGN KEY (`owner_member_id`) REFERENCES `members` (`id`),
  ADD CONSTRAINT `introductions_to_member_id_foreign` FOREIGN KEY (`to_member_id`) REFERENCES `members` (`id`),
  ADD CONSTRAINT `introductions_workspace_id_foreign` FOREIGN KEY (`workspace_id`) REFERENCES `workspaces` (`id`) ON DELETE SET NULL;

--
-- テーブルの制約 `meeting_csv_apply_logs`
--
ALTER TABLE `meeting_csv_apply_logs`
  ADD CONSTRAINT `meeting_csv_apply_logs_meeting_csv_import_id_foreign` FOREIGN KEY (`meeting_csv_import_id`) REFERENCES `meeting_csv_imports` (`id`) ON DELETE CASCADE,
  ADD CONSTRAINT `meeting_csv_apply_logs_meeting_id_foreign` FOREIGN KEY (`meeting_id`) REFERENCES `meetings` (`id`) ON DELETE CASCADE;

--
-- テーブルの制約 `meeting_csv_imports`
--
ALTER TABLE `meeting_csv_imports`
  ADD CONSTRAINT `meeting_csv_imports_meeting_id_foreign` FOREIGN KEY (`meeting_id`) REFERENCES `meetings` (`id`) ON DELETE CASCADE;

--
-- テーブルの制約 `meeting_csv_import_resolutions`
--
ALTER TABLE `meeting_csv_import_resolutions`
  ADD CONSTRAINT `meeting_csv_import_resolutions_meeting_csv_import_id_foreign` FOREIGN KEY (`meeting_csv_import_id`) REFERENCES `meeting_csv_imports` (`id`) ON DELETE CASCADE;

--
-- テーブルの制約 `meeting_participant_imports`
--
ALTER TABLE `meeting_participant_imports`
  ADD CONSTRAINT `meeting_participant_imports_meeting_id_foreign` FOREIGN KEY (`meeting_id`) REFERENCES `meetings` (`id`) ON DELETE CASCADE;

--
-- テーブルの制約 `members`
--
ALTER TABLE `members`
  ADD CONSTRAINT `members_attendant_member_id_foreign` FOREIGN KEY (`attendant_member_id`) REFERENCES `members` (`id`) ON DELETE SET NULL,
  ADD CONSTRAINT `members_category_id_foreign` FOREIGN KEY (`category_id`) REFERENCES `categories` (`id`) ON DELETE SET NULL,
  ADD CONSTRAINT `members_introducer_member_id_foreign` FOREIGN KEY (`introducer_member_id`) REFERENCES `members` (`id`) ON DELETE SET NULL,
  ADD CONSTRAINT `members_workspace_id_foreign` FOREIGN KEY (`workspace_id`) REFERENCES `workspaces` (`id`) ON DELETE SET NULL;

--
-- テーブルの制約 `member_roles`
--
ALTER TABLE `member_roles`
  ADD CONSTRAINT `member_roles_member_id_foreign` FOREIGN KEY (`member_id`) REFERENCES `members` (`id`) ON DELETE CASCADE,
  ADD CONSTRAINT `member_roles_role_id_foreign` FOREIGN KEY (`role_id`) REFERENCES `roles` (`id`) ON DELETE CASCADE;

--
-- テーブルの制約 `one_to_ones`
--
ALTER TABLE `one_to_ones`
  ADD CONSTRAINT `one_to_ones_meeting_id_foreign` FOREIGN KEY (`meeting_id`) REFERENCES `meetings` (`id`) ON DELETE SET NULL,
  ADD CONSTRAINT `one_to_ones_owner_member_id_foreign` FOREIGN KEY (`owner_member_id`) REFERENCES `members` (`id`),
  ADD CONSTRAINT `one_to_ones_target_member_id_foreign` FOREIGN KEY (`target_member_id`) REFERENCES `members` (`id`),
  ADD CONSTRAINT `one_to_ones_workspace_id_foreign` FOREIGN KEY (`workspace_id`) REFERENCES `workspaces` (`id`) ON DELETE SET NULL;

--
-- テーブルの制約 `participants`
--
ALTER TABLE `participants`
  ADD CONSTRAINT `participants_attendant_member_id_foreign` FOREIGN KEY (`attendant_member_id`) REFERENCES `members` (`id`) ON DELETE SET NULL,
  ADD CONSTRAINT `participants_introducer_member_id_foreign` FOREIGN KEY (`introducer_member_id`) REFERENCES `members` (`id`) ON DELETE SET NULL,
  ADD CONSTRAINT `participants_meeting_id_foreign` FOREIGN KEY (`meeting_id`) REFERENCES `meetings` (`id`) ON DELETE CASCADE,
  ADD CONSTRAINT `participants_member_id_foreign` FOREIGN KEY (`member_id`) REFERENCES `members` (`id`);

--
-- テーブルの制約 `participant_breakout`
--
ALTER TABLE `participant_breakout`
  ADD CONSTRAINT `participant_breakout_breakout_room_id_foreign` FOREIGN KEY (`breakout_room_id`) REFERENCES `breakout_rooms` (`id`) ON DELETE CASCADE,
  ADD CONSTRAINT `participant_breakout_participant_id_foreign` FOREIGN KEY (`participant_id`) REFERENCES `participants` (`id`) ON DELETE CASCADE;

--
-- テーブルの制約 `users`
--
ALTER TABLE `users`
  ADD CONSTRAINT `users_default_workspace_id_foreign` FOREIGN KEY (`default_workspace_id`) REFERENCES `workspaces` (`id`) ON DELETE SET NULL;
COMMIT;

/*!40101 SET CHARACTER_SET_CLIENT=@OLD_CHARACTER_SET_CLIENT */;
/*!40101 SET CHARACTER_SET_RESULTS=@OLD_CHARACTER_SET_RESULTS */;
/*!40101 SET COLLATION_CONNECTION=@OLD_COLLATION_CONNECTION */;
